{"v":"5.4.3","fr":25,"ip":0,"op":201,"w":800,"h":800,"nm":"03","ddd":0,"assets":[],"layers":[{"ddd":0,"ind":1,"ty":3,"nm":"eyes controll","sr":1,"ks":{"o":{"a":0,"k":0,"ix":11},"r":{"a":0,"k":0,"ix":10},"p":{"a":1,"k":[{"i":{"x":0.194,"y":1},"o":{"x":0.333,"y":0},"n":"0p194_1_0p333_0","t":17,"s":[394,369,0],"e":[405,375,0],"to":[0,0,0],"ti":[0,0,0]},{"i":{"x":0.194,"y":0.194},"o":{"x":0.167,"y":0.167},"n":"0p194_0p194_0p167_0p167","t":24,"s":[405,375,0],"e":[405,375,0],"to":[0,0,0],"ti":[0,0,0]},{"i":{"x":0.194,"y":1},"o":{"x":0.167,"y":0},"n":"0p194_1_0p167_0","t":56,"s":[405,375,0],"e":[389.5,369.5,0],"to":[0,0,0],"ti":[0,0,0]},{"i":{"x":0.194,"y":0.194},"o":{"x":0.167,"y":0.167},"n":"0p194_0p194_0p167_0p167","t":62,"s":[389.5,369.5,0],"e":[389.5,369.5,0],"to":[0,0,0],"ti":[0,0,0]},{"i":{"x":0.194,"y":1},"o":{"x":0.167,"y":0},"n":"0p194_1_0p167_0","t":113,"s":[389.5,369.5,0],"e":[395,371.5,0],"to":[0,0,0],"ti":[0,0,0]},{"i":{"x":0.194,"y":0.194},"o":{"x":0.167,"y":0.167},"n":"0p194_0p194_0p167_0p167","t":128,"s":[395,371.5,0],"e":[395,371.5,0],"to":[0,0,0],"ti":[0,0,0]},{"i":{"x":0.194,"y":1},"o":{"x":0.167,"y":0},"n":"0p194_1_0p167_0","t":137,"s":[395,371.5,0],"e":[400.875,372.125,0],"to":[0,0,0],"ti":[0,0,0]},{"i":{"x":0.194,"y":0.194},"o":{"x":0.167,"y":0.167},"n":"0p194_0p194_0p167_0p167","t":144,"s":[400.875,372.125,0],"e":[400.875,372.125,0],"to":[0,0,0],"ti":[0,0,0]},{"i":{"x":0.194,"y":1},"o":{"x":0.24,"y":0},"n":"0p194_1_0p24_0","t":156,"s":[400.875,372.125,0],"e":[396.625,369.625,0],"to":[0,0,0],"ti":[0,0,0]},{"t":164}],"ix":2},"a":{"a":0,"k":[50,50,0],"ix":1},"s":{"a":0,"k":[30,30,100],"ix":6}},"ao":0,"ip":0,"op":201,"st":0,"bm":0},{"ddd":0,"ind":2,"ty":4,"nm":"binoculars mask","parent":5,"td":1,"sr":1,"ks":{"o":{"a":0,"k":100,"ix":11},"r":{"a":0,"k":0,"ix":10},"p":{"a":0,"k":[245.984,76.92,0],"ix":2},"a":{"a":0,"k":[-5.941,-31.038,0],"ix":1},"s":{"a":0,"k":[100,100,100],"ix":6}},"ao":0,"shapes":[{"ty":"gr","it":[{"ind":0,"ty":"sh","ix":1,"ks":{"a":0,"k":{"i":[[0,-23.102],[-23.102,0],[0,23.102],[23.102,0]],"o":[[0,23.102],[23.102,0],[0,-23.102],[-23.102,0]],"v":[[28.346,-31.038],[70.175,10.791],[112.005,-31.038],[70.175,-72.867]],"c":true},"ix":2},"nm":"Path 1","mn":"ADBE Vector Shape - Group","hd":false},{"ty":"fl","c":{"a":0,"k":[1,1,1,1],"ix":4},"o":{"a":0,"k":100,"ix":5},"r":1,"bm":0,"nm":"Fill 1","mn":"ADBE Vector Graphic - Fill","hd":false},{"ty":"tr","p":{"a":0,"k":[0,0],"ix":2},"a":{"a":0,"k":[0,0],"ix":1},"s":{"a":0,"k":[100,100],"ix":3},"r":{"a":0,"k":0,"ix":6},"o":{"a":0,"k":100,"ix":7},"sk":{"a":0,"k":0,"ix":4},"sa":{"a":0,"k":0,"ix":5},"nm":"Transform"}],"nm":"Group 1","np":2,"cix":2,"bm":0,"ix":1,"mn":"ADBE Vector Group","hd":false},{"ty":"gr","it":[{"ind":0,"ty":"sh","ix":1,"ks":{"a":0,"k":{"i":[[0,-23.102],[23.102,0],[0,23.102],[-23.102,0]],"o":[[0,23.102],[-23.102,0],[0,-23.102],[23.102,0]],"v":[[-40.228,-31.038],[-82.057,10.791],[-123.887,-31.038],[-82.057,-72.867]],"c":true},"ix":2},"nm":"Path 1","mn":"ADBE Vector Shape - Group","hd":false},{"ty":"fl","c":{"a":0,"k":[1,1,1,1],"ix":4},"o":{"a":0,"k":100,"ix":5},"r":1,"bm":0,"nm":"Fill 1","mn":"ADBE Vector Graphic - Fill","hd":false},{"ty":"tr","p":{"a":0,"k":[0,0],"ix":2},"a":{"a":0,"k":[0,0],"ix":1},"s":{"a":0,"k":[100,100],"ix":3},"r":{"a":0,"k":0,"ix":6},"o":{"a":0,"k":100,"ix":7},"sk":{"a":0,"k":0,"ix":4},"sa":{"a":0,"k":0,"ix":5},"nm":"Transform"}],"nm":"Group 2","np":2,"cix":2,"bm":0,"ix":2,"mn":"ADBE Vector Group","hd":false},{"ty":"st","c":{"a":0,"k":[1,1,1,1],"ix":3},"o":{"a":0,"k":100,"ix":4},"w":{"a":0,"k":2,"ix":5},"lc":1,"lj":1,"ml":4,"ml2":{"a":0,"k":4,"ix":8},"bm":0,"nm":"Stroke 1","mn":"ADBE Vector Graphic - Stroke","hd":false}],"ip":0,"op":201,"st":0,"bm":0},{"ddd":0,"ind":3,"ty":4,"nm":"eyes binoculars","parent":1,"tt":1,"sr":1,"ks":{"o":{"a":0,"k":100,"ix":11},"r":{"a":0,"k":0,"ix":10},"p":{"a":0,"k":[50.196,49.422,0],"ix":2},"a":{"a":0,"k":[-5.941,-31.173,0],"ix":1},"s":{"a":0,"k":[333.333,333.333,100],"ix":6}},"ao":0,"shapes":[{"ty":"gr","it":[{"ind":0,"ty":"sh","ix":1,"ks":{"a":0,"k":{"i":[[0,-14.912],[-14.912,0],[0,14.912],[14.912,0]],"o":[[0,14.912],[14.912,0],[0,-14.912],[-14.912,0]],"v":[[-109.057,-31.309],[-82.057,-4.309],[-55.057,-31.309],[-82.057,-58.309]],"c":true},"ix":2},"nm":"Path 1","mn":"ADBE Vector Shape - Group","hd":false},{"ty":"fl","c":{"a":0,"k":[0.015686275437,0.168627455831,0.329411774874,1],"ix":4},"o":{"a":0,"k":100,"ix":5},"r":1,"bm":0,"nm":"Fill 1","mn":"ADBE Vector Graphic - Fill","hd":false},{"ty":"tr","p":{"a":0,"k":[0,0],"ix":2},"a":{"a":0,"k":[0,0],"ix":1},"s":{"a":0,"k":[100,100],"ix":3},"r":{"a":0,"k":0,"ix":6},"o":{"a":0,"k":100,"ix":7},"sk":{"a":0,"k":0,"ix":4},"sa":{"a":0,"k":0,"ix":5},"nm":"Transform"}],"nm":"Group 1","np":2,"cix":2,"bm":0,"ix":1,"mn":"ADBE Vector Group","hd":false},{"ty":"gr","it":[{"ind":0,"ty":"sh","ix":1,"ks":{"a":0,"k":{"i":[[0,-14.912],[-14.912,0],[0,14.912],[14.912,0]],"o":[[0,14.912],[14.912,0],[0,-14.912],[-14.912,0]],"v":[[43.175,-31.038],[70.175,-4.038],[97.175,-31.038],[70.175,-58.038]],"c":true},"ix":2},"nm":"Path 1","mn":"ADBE Vector Shape - Group","hd":false},{"ty":"fl","c":{"a":0,"k":[0.015686275437,0.168627455831,0.329411774874,1],"ix":4},"o":{"a":0,"k":100,"ix":5},"r":1,"bm":0,"nm":"Fill 1","mn":"ADBE Vector Graphic - Fill","hd":false},{"ty":"tr","p":{"a":0,"k":[0,0],"ix":2},"a":{"a":0,"k":[0,0],"ix":1},"s":{"a":0,"k":[100,100],"ix":3},"r":{"a":0,"k":0,"ix":6},"o":{"a":0,"k":100,"ix":7},"sk":{"a":0,"k":0,"ix":4},"sa":{"a":0,"k":0,"ix":5},"nm":"Transform"}],"nm":"Group 2","np":2,"cix":2,"bm":0,"ix":2,"mn":"ADBE Vector Group","hd":false}],"ip":0,"op":201,"st":0,"bm":0},{"ddd":0,"ind":4,"ty":4,"nm":"plants ","sr":1,"ks":{"o":{"a":0,"k":100,"ix":11},"r":{"a":0,"k":0,"ix":10},"p":{"a":0,"k":[400.205,590.665,0],"ix":2},"a":{"a":0,"k":[353.037,107.041,0],"ix":1},"s":{"a":0,"k":[100,100,100],"ix":6}},"ao":0,"shapes":[{"ty":"gr","it":[{"ind":0,"ty":"sh","ix":1,"ks":{"a":0,"k":{"i":[[66.55,0],[13.429,22.252],[-4.435,-1.261],[-16.321,-14.443],[-4.836,37.363],[-3.637,-3.038],[-13.833,-30.109],[-32.102,29.78],[-0.444,-3.953],[6.126,-37.906],[-37.872,13.337],[1.171,-4.149],[18.237,-16.439],[-18.88,2.448],[3.037,-4.189]],"o":[[-75.178,0],[-2.383,-3.948],[10.956,3.114],[0,0],[0.609,-4.701],[13.04,10.892],[0,0],[2.916,-2.705],[1.907,16.956],[0,0],[4.067,-1.432],[-3.989,14.123],[0,0],[5.132,-0.665],[-12.275,16.926]],"v":[[8.282,88.701],[-119.706,14.546],[-113.986,7.046],[-69.284,31.433],[-79.904,-57.452],[-70.068,-61.255],[-17.263,3.919],[32.998,-85.995],[41.11,-83.021],[39.983,10.772],[104.148,-24.648],[111.048,-18.15],[79.323,39.045],[113.462,30.594],[119.052,39.908]],"c":true},"ix":2},"nm":"Path 1","mn":"ADBE Vector Shape - Group","hd":false},{"ty":"fl","c":{"a":0,"k":[0.294000004787,0.677999997606,0.211999990426,1],"ix":4},"o":{"a":0,"k":100,"ix":5},"r":1,"bm":0,"nm":"Fill 1","mn":"ADBE Vector Graphic - Fill","hd":false},{"ty":"tr","p":{"a":0,"k":[322.529,125.131],"ix":2},"a":{"a":0,"k":[0,0],"ix":1},"s":{"a":0,"k":[100,100],"ix":3},"r":{"a":0,"k":0,"ix":6},"o":{"a":0,"k":100,"ix":7},"sk":{"a":0,"k":0,"ix":4},"sa":{"a":0,"k":0,"ix":5},"nm":"Transform"}],"nm":"Group 1","np":2,"cix":2,"bm":0,"ix":1,"mn":"ADBE Vector Group","hd":false},{"ty":"gr","it":[{"ind":0,"ty":"sh","ix":1,"ks":{"a":0,"k":{"i":[[31.947,17.443],[23.165,1.668],[-0.706,-4.035],[-14.567,-20.568],[-3.28,1.101],[0,0],[0,0],[-3.13,-3.201],[-13.799,-9.148],[-2.432,1.728],[0,0],[0,0],[-3.078,-1.638],[-18.17,-6.234],[-1.562,1.627],[0,0],[0,0],[-3.011,-0.9],[0,0],[0,0]],"o":[[-26.327,-14.375],[-4.085,-0.294],[4.936,28.256],[2,2.824],[0,0],[0,0],[-3.317,3.008],[11.674,11.941],[2.487,1.649],[0,0],[0,0],[-1.068,3.319],[18.036,9.604],[2.134,0.731],[0,0],[0,0],[-0.803,3.04],[65.551,19.603],[0,0],[-90.657,-31.285]],"v":[[-34.227,-77.799],[-151.871,-99.845],[-158.5,-92.471],[-128.253,-19.542],[-119.346,-16.653],[-85.482,-28.028],[-108.273,-7.356],[-108.57,3.997],[-70.06,35.538],[-61.896,35.415],[-42.759,21.812],[-49.093,41.493],[-45.616,50.059],[9.273,73.637],[15.333,72.152],[31.823,54.973],[26.938,73.473],[30.909,80.536],[159.206,94.148],[153.377,32.544]],"c":true},"ix":2},"nm":"Path 1","mn":"ADBE Vector Shape - Group","hd":false},{"ty":"fl","c":{"a":0,"k":[0.277999997606,0.596000043084,0.219999994016,1],"ix":4},"o":{"a":0,"k":100,"ix":5},"r":1,"bm":0,"nm":"Fill 1","mn":"ADBE Vector Graphic - Fill","hd":false},{"ty":"tr","p":{"a":0,"k":[159.456,100.389],"ix":2},"a":{"a":0,"k":[0,0],"ix":1},"s":{"a":0,"k":[100,100],"ix":3},"r":{"a":0,"k":0,"ix":6},"o":{"a":0,"k":100,"ix":7},"sk":{"a":0,"k":0,"ix":4},"sa":{"a":0,"k":0,"ix":5},"nm":"Transform"}],"nm":"Group 2","np":2,"cix":2,"bm":0,"ix":2,"mn":"ADBE Vector Group","hd":false},{"ty":"gr","it":[{"ind":0,"ty":"sh","ix":1,"ks":{"a":0,"k":{"i":[[0,0],[114.823,32.823],[-4.4,2.379],[-118.251,-5.125]],"o":[[0,0],[-4.81,-1.375],[32.708,-17.685],[0,0]],"v":[[143.839,53.083],[-138.328,21.235],[-139.439,10.944],[110.845,-48.933]],"c":true},"ix":2},"nm":"Path 1","mn":"ADBE Vector Shape - Group","hd":false},{"ty":"fl","c":{"a":0,"k":[0.294000004787,0.677999997606,0.211999990426,1],"ix":4},"o":{"a":0,"k":100,"ix":5},"r":1,"bm":0,"nm":"Fill 1","mn":"ADBE Vector Graphic - Fill","hd":false},{"ty":"tr","p":{"a":0,"k":[160.404,145.152],"ix":2},"a":{"a":0,"k":[0,0],"ix":1},"s":{"a":0,"k":[100,100],"ix":3},"r":{"a":0,"k":0,"ix":6},"o":{"a":0,"k":100,"ix":7},"sk":{"a":0,"k":0,"ix":4},"sa":{"a":0,"k":0,"ix":5},"nm":"Transform"}],"nm":"Group 3","np":2,"cix":2,"bm":0,"ix":3,"mn":"ADBE Vector Group","hd":false},{"ty":"gr","it":[{"ind":0,"ty":"sh","ix":1,"ks":{"a":0,"k":{"i":[[9.897,-10.205],[35.813,-67.961],[0,0],[-37.014,83.881]],"o":[[-21.046,21.702],[0,0],[0,0],[3.385,-7.673]],"v":[[42.796,-73.288],[-52.693,61.17],[-30.977,83.493],[48.725,-65.128]],"c":true},"ix":2},"nm":"Path 1","mn":"ADBE Vector Shape - Group","hd":false},{"ty":"fl","c":{"a":0,"k":[0.277999997606,0.596000043084,0.219999994016,1],"ix":4},"o":{"a":0,"k":100,"ix":5},"r":1,"bm":0,"nm":"Fill 1","mn":"ADBE Vector Graphic - Fill","hd":false},{"ty":"tr","p":{"a":0,"k":[386.034,91.482],"ix":2},"a":{"a":0,"k":[0,0],"ix":1},"s":{"a":0,"k":[100,100],"ix":3},"r":{"a":0,"k":0,"ix":6},"o":{"a":0,"k":100,"ix":7},"sk":{"a":0,"k":0,"ix":4},"sa":{"a":0,"k":0,"ix":5},"nm":"Transform"}],"nm":"Group 4","np":2,"cix":2,"bm":0,"ix":4,"mn":"ADBE Vector Group","hd":false},{"ty":"gr","it":[{"ind":0,"ty":"sh","ix":1,"ks":{"a":0,"k":{"i":[[-0.112,-13.026],[-25.395,-40.633],[0,0],[34.11,51.719]],"o":[[0.213,24.833],[0,0],[0,0],[-4.711,-7.142]],"v":[[-31.795,-49.951],[-4.372,62.976],[31.907,61.301],[-21.986,-55.09]],"c":true},"ix":2},"nm":"Path 1","mn":"ADBE Vector Shape - Group","hd":false},{"ty":"fl","c":{"a":0,"k":[0.294000004787,0.677999997606,0.211999990426,1],"ix":4},"o":{"a":0,"k":100,"ix":5},"r":1,"bm":0,"nm":"Fill 1","mn":"ADBE Vector Graphic - Fill","hd":false},{"ty":"tr","p":{"a":0,"k":[231.871,74.445],"ix":2},"a":{"a":0,"k":[0,0],"ix":1},"s":{"a":0,"k":[100,100],"ix":3},"r":{"a":0,"k":0,"ix":6},"o":{"a":0,"k":100,"ix":7},"sk":{"a":0,"k":0,"ix":4},"sa":{"a":0,"k":0,"ix":5},"nm":"Transform"}],"nm":"Group 5","np":2,"cix":2,"bm":0,"ix":5,"mn":"ADBE Vector Group","hd":false},{"ty":"gr","it":[{"ind":0,"ty":"sh","ix":1,"ks":{"a":0,"k":{"i":[[0,0],[0,0],[-2.246,0.019],[-26.776,6.134],[0.142,3.079],[0,0],[0,0],[-2.705,0.898],[-23.822,19.405],[1.715,2.278],[0,0],[0,0],[-1.33,1.37],[-9.838,16.475],[3.297,0.946],[27.744,3.599],[1.233,-2.197],[0,0],[0,0],[3.552,0.299],[28.169,-4.004],[0.272,-2.001],[0,0],[0,0],[2.223,-0.477],[0,0],[24.382,-14.177],[-0.292,-2.589],[0,0],[0,0],[2.592,-1.755],[0,0],[0,0],[-42.186,-1.933],[-0.472,3.214]],"o":[[0,0],[1.146,1.932],[23.714,-0.202],[3.005,-0.689],[0,0],[0,0],[1.601,2.358],[26.667,-8.846],[2.211,-1.8],[0,0],[0,0],[1.845,0.494],[11.997,-12.348],[1.758,-2.944],[-10.134,-2.906],[-2.499,-0.324],[0,0],[0,0],[0.541,-3.522],[-24.149,-2.027],[-1.998,0.284],[0,0],[0,0],[-0.738,-2.15],[0,0],[-29.088,6.258],[-2.253,1.31],[0,0],[0,0],[-2.243,-2.184],[-32.765,22.181],[0,0],[0,0],[3.245,0.149],[0.949,-6.477]],"v":[[-76.866,52.601],[-67.785,67.927],[-62.313,71.031],[14.537,62.414],[19.494,55.919],[18.272,29.344],[33.994,52.502],[41.272,54.96],[118.103,13.46],[118.994,6.152],[107.474,-9.151],[131.988,-2.591],[137.141,-3.993],[170.067,-47.086],[167.008,-54.791],[107.661,-66.819],[101.477,-63.722],[91.827,-46.545],[94.165,-61.778],[88.607,-68.86],[8.844,-67.047],[5.012,-63.17],[1.646,-38.396],[-5.966,-60.564],[-11.157,-63.497],[-11.197,-63.488],[-92.804,-30.18],[-96.015,-23.749],[-93.124,1.844],[-109.257,-13.858],[-117.567,-14.594],[-171.825,28.329],[-156.779,61.139],[-85.273,70.596],[-78.723,65.187]],"c":true},"ix":2},"nm":"Path 1","mn":"ADBE Vector Shape - Group","hd":false},{"ty":"fl","c":{"a":0,"k":[0.277999997606,0.596000043084,0.219999994016,1],"ix":4},"o":{"a":0,"k":100,"ix":5},"r":1,"bm":0,"nm":"Fill 1","mn":"ADBE Vector Graphic - Fill","hd":false},{"ty":"tr","p":{"a":0,"k":[533.999,130.557],"ix":2},"a":{"a":0,"k":[0,0],"ix":1},"s":{"a":0,"k":[100,100],"ix":3},"r":{"a":0,"k":0,"ix":6},"o":{"a":0,"k":100,"ix":7},"sk":{"a":0,"k":0,"ix":4},"sa":{"a":0,"k":0,"ix":5},"nm":"Transform"}],"nm":"Group 6","np":2,"cix":2,"bm":0,"ix":6,"mn":"ADBE Vector Group","hd":false}],"ip":0,"op":201,"st":0,"bm":0},{"ddd":0,"ind":5,"ty":4,"nm":"L_hand & binoculars","sr":1,"ks":{"o":{"a":0,"k":100,"ix":11},"r":{"a":1,"k":[{"i":{"x":[0.667],"y":[1]},"o":{"x":[0.333],"y":[0]},"n":["0p667_1_0p333_0"],"t":75,"s":[0],"e":[5]},{"i":{"x":[0.667],"y":[1]},"o":{"x":[0.333],"y":[0]},"n":["0p667_1_0p333_0"],"t":95,"s":[5],"e":[5]},{"i":{"x":[0.416],"y":[1]},"o":{"x":[0.333],"y":[0]},"n":["0p416_1_0p333_0"],"t":131,"s":[5],"e":[0]},{"t":144}],"ix":10},"p":{"a":1,"k":[{"i":{"x":0.667,"y":1},"o":{"x":0.333,"y":0},"n":"0p667_1_0p333_0","t":0,"s":[204.808,564.977,0],"e":[212.808,567.977,0],"to":[0,0,0],"ti":[0,0,0]},{"i":{"x":0.667,"y":1},"o":{"x":0.333,"y":0},"n":"0p667_1_0p333_0","t":35.522,"s":[212.808,567.977,0],"e":[207.808,563.477,0],"to":[0,0,0],"ti":[0,0,0]},{"i":{"x":0.667,"y":1},"o":{"x":0.333,"y":0},"n":"0p667_1_0p333_0","t":74.597,"s":[207.808,563.477,0],"e":[185.808,661.477,0],"to":[0,0,0],"ti":[0,0,0]},{"i":{"x":0.667,"y":0.667},"o":{"x":0.333,"y":0.333},"n":"0p667_0p667_0p333_0p333","t":95,"s":[185.808,661.477,0],"e":[185.808,661.477,0],"to":[0,0,0],"ti":[0,0,0]},{"i":{"x":0.397,"y":1},"o":{"x":0.167,"y":0},"n":"0p397_1_0p167_0","t":131,"s":[185.808,661.477,0],"e":[207.808,563.477,0],"to":[0,0,0],"ti":[0,0,0]},{"i":{"x":0.397,"y":0.397},"o":{"x":0.167,"y":0.167},"n":"0p397_0p397_0p167_0p167","t":144,"s":[207.808,563.477,0],"e":[207.808,563.477,0],"to":[0,0,0],"ti":[0,0,0]},{"i":{"x":0.667,"y":1},"o":{"x":0.476,"y":0},"n":"0p667_1_0p476_0","t":159,"s":[207.808,563.477,0],"e":[204.808,564.977,0],"to":[0,0,0],"ti":[0,0,0]},{"t":199.5224609375}],"ix":2},"a":{"a":0,"k":[56.733,272.936,0],"ix":1},"s":{"a":0,"k":[100,100,100],"ix":6}},"ao":0,"shapes":[{"ty":"gr","it":[{"ind":0,"ty":"sh","ix":1,"ks":{"a":0,"k":{"i":[[0,-10.038],[10.037,0],[0,10.038],[-10.038,0]],"o":[[0,10.038],[-10.038,0],[0,-10.038],[10.037,0]],"v":[[18.176,0],[0.001,18.175],[-18.175,0],[0.001,-18.175]],"c":true},"ix":2},"nm":"Path 1","mn":"ADBE Vector Shape - Group","hd":false},{"ty":"fl","c":{"a":0,"k":[0.016000001571,0.169000004787,0.328999986836,1],"ix":4},"o":{"a":0,"k":100,"ix":5},"r":1,"bm":0,"nm":"Fill 1","mn":"ADBE Vector Graphic - Fill","hd":false},{"ty":"tr","p":{"a":0,"k":[245.984,58.745],"ix":2},"a":{"a":0,"k":[0,0],"ix":1},"s":{"a":0,"k":[100,100],"ix":3},"r":{"a":0,"k":0,"ix":6},"o":{"a":0,"k":100,"ix":7},"sk":{"a":0,"k":0,"ix":4},"sa":{"a":0,"k":0,"ix":5},"nm":"Transform"}],"nm":"Group 1","np":2,"cix":2,"bm":0,"ix":1,"mn":"ADBE Vector Group","hd":false},{"ty":"gr","it":[{"ind":0,"ty":"sh","ix":1,"ks":{"a":0,"k":{"i":[[0,0],[-10.209,0],[-9.42,-2.505]],"o":[[9.42,-2.505],[10.21,0],[0,0]],"v":[[-29.527,1.92],[0,-1.92],[29.527,1.92]],"c":false},"ix":2},"nm":"Path 1","mn":"ADBE Vector Shape - Group","hd":false},{"ty":"st","c":{"a":0,"k":[0.016000001571,0.169000004787,0.328999986836,1],"ix":3},"o":{"a":0,"k":100,"ix":4},"w":{"a":0,"k":26,"ix":5},"lc":1,"lj":1,"ml":10,"ml2":{"a":0,"k":10,"ix":8},"bm":0,"nm":"Stroke 1","mn":"ADBE Vector Graphic - Stroke","hd":false},{"ty":"tr","p":{"a":0,"k":[245.984,66.92],"ix":2},"a":{"a":0,"k":[0,0],"ix":1},"s":{"a":0,"k":[100,100],"ix":3},"r":{"a":0,"k":0,"ix":6},"o":{"a":0,"k":100,"ix":7},"sk":{"a":0,"k":0,"ix":4},"sa":{"a":0,"k":0,"ix":5},"nm":"Transform"}],"nm":"Group 2","np":2,"cix":2,"bm":0,"ix":2,"mn":"ADBE Vector Group","hd":false},{"ty":"gr","it":[{"ind":0,"ty":"sh","ix":1,"ks":{"a":0,"k":{"i":[[0,-23.102],[-23.101,0],[0,23.102],[23.102,0]],"o":[[0,23.102],[23.102,0],[0,-23.102],[-23.101,0]],"v":[[-41.829,0],[-0.001,41.829],[41.829,0],[-0.001,-41.829]],"c":true},"ix":2},"nm":"Path 1","mn":"ADBE Vector Shape - Group","hd":false},{"ty":"fl","c":{"a":0,"k":[1,1,1,1],"ix":4},"o":{"a":0,"k":100,"ix":5},"r":1,"bm":0,"nm":"Fill 1","mn":"ADBE Vector Graphic - Fill","hd":false},{"ty":"tr","p":{"a":0,"k":[322.1,76.92],"ix":2},"a":{"a":0,"k":[0,0],"ix":1},"s":{"a":0,"k":[100,100],"ix":3},"r":{"a":0,"k":0,"ix":6},"o":{"a":0,"k":100,"ix":7},"sk":{"a":0,"k":0,"ix":4},"sa":{"a":0,"k":0,"ix":5},"nm":"Transform"}],"nm":"Group 3","np":2,"cix":2,"bm":0,"ix":3,"mn":"ADBE Vector Group","hd":false},{"ty":"gr","it":[{"ind":0,"ty":"sh","ix":1,"ks":{"a":0,"k":{"i":[[0,-30.44],[-30.439,0],[0,30.44],[30.441,0]],"o":[[0,30.44],[30.441,0],[0,-30.44],[-30.439,0]],"v":[[-55.116,0],[0,55.116],[55.116,0],[0,-55.116]],"c":true},"ix":2},"nm":"Path 1","mn":"ADBE Vector Shape - Group","hd":false},{"ty":"fl","c":{"a":0,"k":[0.016000001571,0.169000004787,0.328999986836,1],"ix":4},"o":{"a":0,"k":100,"ix":5},"r":1,"bm":0,"nm":"Fill 1","mn":"ADBE Vector Graphic - Fill","hd":false},{"ty":"tr","p":{"a":0,"k":[322.1,76.92],"ix":2},"a":{"a":0,"k":[0,0],"ix":1},"s":{"a":0,"k":[100,100],"ix":3},"r":{"a":0,"k":0,"ix":6},"o":{"a":0,"k":100,"ix":7},"sk":{"a":0,"k":0,"ix":4},"sa":{"a":0,"k":0,"ix":5},"nm":"Transform"}],"nm":"Group 4","np":2,"cix":2,"bm":0,"ix":4,"mn":"ADBE Vector Group","hd":false},{"ty":"gr","it":[{"ind":0,"ty":"sh","ix":1,"ks":{"a":0,"k":{"i":[[0,-23.102],[23.101,0],[0,23.102],[-23.102,0]],"o":[[0,23.102],[-23.102,0],[0,-23.102],[23.101,0]],"v":[[41.829,0],[0,41.829],[-41.829,0],[0,-41.829]],"c":true},"ix":2},"nm":"Path 1","mn":"ADBE Vector Shape - Group","hd":false},{"ty":"fl","c":{"a":0,"k":[1,1,1,1],"ix":4},"o":{"a":0,"k":100,"ix":5},"r":1,"bm":0,"nm":"Fill 1","mn":"ADBE Vector Graphic - Fill","hd":false},{"ty":"tr","p":{"a":0,"k":[169.868,76.92],"ix":2},"a":{"a":0,"k":[0,0],"ix":1},"s":{"a":0,"k":[100,100],"ix":3},"r":{"a":0,"k":0,"ix":6},"o":{"a":0,"k":100,"ix":7},"sk":{"a":0,"k":0,"ix":4},"sa":{"a":0,"k":0,"ix":5},"nm":"Transform"}],"nm":"Group 5","np":2,"cix":2,"bm":0,"ix":5,"mn":"ADBE Vector Group","hd":false},{"ty":"gr","it":[{"ind":0,"ty":"sh","ix":1,"ks":{"a":0,"k":{"i":[[0,-30.44],[30.439,0],[0,30.44],[-30.44,0]],"o":[[0,30.44],[-30.44,0],[0,-30.44],[30.439,0]],"v":[[55.116,0],[0,55.116],[-55.116,0],[0,-55.116]],"c":true},"ix":2},"nm":"Path 1","mn":"ADBE Vector Shape - Group","hd":false},{"ty":"fl","c":{"a":0,"k":[0.016000001571,0.169000004787,0.328999986836,1],"ix":4},"o":{"a":0,"k":100,"ix":5},"r":1,"bm":0,"nm":"Fill 1","mn":"ADBE Vector Graphic - Fill","hd":false},{"ty":"tr","p":{"a":0,"k":[169.868,76.92],"ix":2},"a":{"a":0,"k":[0,0],"ix":1},"s":{"a":0,"k":[100,100],"ix":3},"r":{"a":0,"k":0,"ix":6},"o":{"a":0,"k":100,"ix":7},"sk":{"a":0,"k":0,"ix":4},"sa":{"a":0,"k":0,"ix":5},"nm":"Transform"}],"nm":"Group 6","np":2,"cix":2,"bm":0,"ix":6,"mn":"ADBE Vector Group","hd":false},{"ty":"gr","it":[{"ind":0,"ty":"sh","ix":1,"ks":{"a":0,"k":{"i":[[0,0],[0,0],[0,0],[-2.694,4.551],[0,0],[4.802,2.681],[2.984,-3.739],[0,0],[0,0],[0,0],[-1.433,4.656],[6.136,0.835],[17.311,2.318],[2.775,-5.937],[0,0]],"o":[[0,0],[0,0],[5.119,-1.326],[0,0],[2.801,-4.733],[-4.177,-2.331],[0,0],[0,0],[0,0],[4.834,0.604],[1.821,-5.919],[-17.633,-2.4],[-6.496,-0.87],[0,0],[0,0]],"v":[[-14.322,101.918],[27.157,-18.175],[82.42,-32.478],[94.619,-41.652],[112.838,-72.425],[109.187,-85.949],[96.777,-83.509],[69.576,-49.431],[70.398,-143.019],[94.783,-139.971],[105.619,-146.977],[97.387,-159.87],[28.841,-169.094],[13.269,-160.578],[-108.5,99.232]],"c":true},"ix":2},"nm":"Path 1","mn":"ADBE Vector Shape - Group","hd":false},{"ty":"fl","c":{"a":0,"k":[0.948999980852,0.620000023935,0.086000001197,1],"ix":4},"o":{"a":0,"k":100,"ix":5},"r":1,"bm":0,"nm":"Fill 1","mn":"ADBE Vector Graphic - Fill","hd":false},{"ty":"tr","p":{"a":0,"k":[115.888,177.567],"ix":2},"a":{"a":0,"k":[0,0],"ix":1},"s":{"a":0,"k":[100,100],"ix":3},"r":{"a":0,"k":0,"ix":6},"o":{"a":0,"k":100,"ix":7},"sk":{"a":0,"k":0,"ix":4},"sa":{"a":0,"k":0,"ix":5},"nm":"Transform"}],"nm":"Group 7","np":2,"cix":2,"bm":0,"ix":7,"mn":"ADBE Vector Group","hd":false}],"ip":0,"op":201,"st":0,"bm":0},{"ddd":0,"ind":6,"ty":4,"nm":"R_hand","parent":5,"sr":1,"ks":{"o":{"a":0,"k":100,"ix":11},"r":{"a":0,"k":0,"ix":10},"p":{"a":0,"k":[394.729,177.936,0],"ix":2},"a":{"a":0,"k":[104.412,169.846,0],"ix":1},"s":{"a":0,"k":[100,100,100],"ix":6}},"ao":0,"shapes":[{"ty":"gr","it":[{"ind":0,"ty":"sh","ix":1,"ks":{"a":1,"k":[{"i":{"x":0.833,"y":0.833},"o":{"x":0.167,"y":0.167},"n":"0p833_0p833_0p167_0p167","t":0,"s":[{"i":[[0,0],[6.488,0],[-0.001,-8.587],[-5.416,-2.432],[0,0],[0,0],[0,0],[0,0],[0,0],[0,0],[0,0]],"o":[[-2.331,-5.646],[-8.587,0],[0,6.321],[0,0],[0,0],[0,0],[0,0],[0,0],[0,0],[0,0],[0,0]],"v":[[-31.233,-159.972],[-45.607,-169.596],[-61.155,-154.047],[-51.963,-139.867],[-88.209,-47.812],[-91.863,-49.348],[-104.162,-33.946],[-88.304,-29.543],[-45.807,-18.543],[-9.602,129.712],[83.751,86.757]],"c":true}],"e":[{"i":[[0,0],[6.488,0],[-0.001,-8.587],[-5.416,-2.432],[0,0],[0,0],[0,0],[0,0],[0,0],[0,0],[0,0]],"o":[[-2.331,-5.646],[-8.587,0],[0,6.321],[0,0],[0,0],[0,0],[0,0],[0,0],[0,0],[0,0],[0,0]],"v":[[-31.233,-159.972],[-45.607,-169.596],[-61.155,-154.047],[-51.963,-139.867],[-88.209,-47.812],[-91.863,-49.348],[-104.162,-33.946],[-88.304,-29.543],[-45.807,-18.543],[-9.602,129.712],[83.751,86.757]],"c":true}]},{"i":{"x":0.833,"y":0.833},"o":{"x":0.167,"y":0.167},"n":"0p833_0p833_0p167_0p167","t":86,"s":[{"i":[[0,0],[6.488,0],[-0.001,-8.587],[-5.416,-2.432],[0,0],[0,0],[0,0],[0,0],[0,0],[0,0],[0,0]],"o":[[-2.331,-5.646],[-8.587,0],[0,6.321],[0,0],[0,0],[0,0],[0,0],[0,0],[0,0],[0,0],[0,0]],"v":[[-31.233,-159.972],[-45.607,-169.596],[-61.155,-154.047],[-51.963,-139.867],[-88.209,-47.812],[-91.863,-49.348],[-104.162,-33.946],[-88.304,-29.543],[-45.807,-18.543],[-9.602,129.712],[83.751,86.757]],"c":true}],"e":[{"i":[[0,0],[6.488,0],[-0.001,-8.587],[-5.416,-2.432],[0,0],[0,0],[0,0],[0,0],[0,0],[0,0],[0,0]],"o":[[-2.331,-5.646],[-8.587,0],[0,6.321],[0,0],[0,0],[0,0],[0,0],[0,0],[0,0],[0,0],[0,0]],"v":[[-31.233,-159.972],[-45.607,-169.596],[-61.155,-154.047],[-51.963,-139.867],[-88.209,-47.812],[-91.863,-49.348],[-104.162,-33.946],[-88.304,-29.543],[-45.807,-18.543],[-23.71,71.72],[71.772,41.629]],"c":true}]},{"i":{"x":0.833,"y":0.833},"o":{"x":0.167,"y":0.167},"n":"0p833_0p833_0p167_0p167","t":92,"s":[{"i":[[0,0],[6.488,0],[-0.001,-8.587],[-5.416,-2.432],[0,0],[0,0],[0,0],[0,0],[0,0],[0,0],[0,0]],"o":[[-2.331,-5.646],[-8.587,0],[0,6.321],[0,0],[0,0],[0,0],[0,0],[0,0],[0,0],[0,0],[0,0]],"v":[[-31.233,-159.972],[-45.607,-169.596],[-61.155,-154.047],[-51.963,-139.867],[-88.209,-47.812],[-91.863,-49.348],[-104.162,-33.946],[-88.304,-29.543],[-45.807,-18.543],[-23.71,71.72],[71.772,41.629]],"c":true}],"e":[{"i":[[0,0],[6.488,0],[-0.001,-8.587],[-5.416,-2.432],[0,0],[0,0],[0,0],[0,0],[0,0],[0,0],[0,0]],"o":[[-2.331,-5.646],[-8.587,0],[0,6.321],[0,0],[0,0],[0,0],[0,0],[0,0],[0,0],[0,0],[0,0]],"v":[[-31.233,-159.972],[-45.607,-169.596],[-61.155,-154.047],[-51.963,-139.867],[-88.209,-47.812],[-91.863,-49.348],[-104.162,-33.946],[-88.304,-29.543],[-45.807,-18.543],[-23.71,71.72],[71.772,41.629]],"c":true}]},{"i":{"x":0.833,"y":0.833},"o":{"x":0.167,"y":0.167},"n":"0p833_0p833_0p167_0p167","t":135,"s":[{"i":[[0,0],[6.488,0],[-0.001,-8.587],[-5.416,-2.432],[0,0],[0,0],[0,0],[0,0],[0,0],[0,0],[0,0]],"o":[[-2.331,-5.646],[-8.587,0],[0,6.321],[0,0],[0,0],[0,0],[0,0],[0,0],[0,0],[0,0],[0,0]],"v":[[-31.233,-159.972],[-45.607,-169.596],[-61.155,-154.047],[-51.963,-139.867],[-88.209,-47.812],[-91.863,-49.348],[-104.162,-33.946],[-88.304,-29.543],[-45.807,-18.543],[-23.71,71.72],[71.772,41.629]],"c":true}],"e":[{"i":[[0,0],[6.488,0],[-0.001,-8.587],[-5.416,-2.432],[0,0],[0,0],[0,0],[0,0],[0,0],[0,0],[0,0]],"o":[[-2.331,-5.646],[-8.587,0],[0,6.321],[0,0],[0,0],[0,0],[0,0],[0,0],[0,0],[0,0],[0,0]],"v":[[-31.233,-159.972],[-45.607,-169.596],[-61.155,-154.047],[-51.963,-139.867],[-88.209,-47.812],[-91.863,-49.348],[-104.162,-33.946],[-88.304,-29.543],[-45.807,-18.543],[-9.602,129.712],[83.751,86.757]],"c":true}]},{"t":138}],"ix":2},"nm":"Path 1","mn":"ADBE Vector Shape - Group","hd":false},{"ty":"fl","c":{"a":0,"k":[0.948999980852,0.620000023935,0.086000001197,1],"ix":4},"o":{"a":0,"k":100,"ix":5},"r":1,"bm":0,"nm":"Fill 1","mn":"ADBE Vector Graphic - Fill","hd":false},{"ty":"tr","p":{"a":0,"k":[104.412,169.846],"ix":2},"a":{"a":0,"k":[0,0],"ix":1},"s":{"a":0,"k":[100,100],"ix":3},"r":{"a":0,"k":0,"ix":6},"o":{"a":0,"k":100,"ix":7},"sk":{"a":0,"k":0,"ix":4},"sa":{"a":0,"k":0,"ix":5},"nm":"Transform"}],"nm":"Group 1","np":2,"cix":2,"bm":0,"ix":1,"mn":"ADBE Vector Group","hd":false}],"ip":0,"op":201,"st":0,"bm":0},{"ddd":0,"ind":7,"ty":4,"nm":"pointer","parent":6,"sr":1,"ks":{"o":{"a":0,"k":100,"ix":11},"r":{"a":1,"k":[{"i":{"x":[0.667],"y":[1]},"o":{"x":[0.333],"y":[0]},"n":["0p667_1_0p333_0"],"t":138,"s":[0],"e":[12]},{"i":{"x":[0.667],"y":[1]},"o":{"x":[0.333],"y":[0]},"n":["0p667_1_0p333_0"],"t":146.929,"s":[12],"e":[0]},{"t":159.4287109375}],"ix":10},"p":{"a":0,"k":[58.795,15.837,0],"ix":2},"a":{"a":0,"k":[80.724,15.837,0],"ix":1},"s":{"a":0,"k":[100,100,100],"ix":6}},"ao":0,"shapes":[{"ty":"gr","it":[{"ind":0,"ty":"sh","ix":1,"ks":{"a":0,"k":{"i":[[0.367,1.325],[1.59,1.762],[0.021,0.023],[2.254,0.876],[0.27,0.088],[0.126,0.037],[0.231,0.058],[0.206,0.043],[0.007,0.001],[0.501,0.053],[0.487,0.003],[0.068,0],[0.108,-0.002],[0.098,-0.005],[0.123,-0.008],[0.438,-0.066],[0,0],[17.488,-2.381],[-1.821,-5.919],[-4.833,0.604],[0,0],[-0.931,-1.049],[-0.035,-0.038],[-0.751,-0.576],[-0.125,-0.09],[-0.211,-0.137],[-0.194,-0.115],[-0.273,-0.14],[-0.264,-0.116],[-0.168,-0.067],[-0.287,-0.096],[-0.137,-0.041],[-0.433,-0.092],[-0.116,-0.022],[-0.359,-0.042],[-0.134,-0.012],[-0.479,0],[-0.473,0.043],[-0.139,0.017],[-0.339,0.064],[-0.134,0.029],[-0.432,0.134],[-0.007,0.002],[-0.419,0.173],[-0.125,0.055],[-0.294,0.153],[-0.121,0.067],[-0.357,0.239],[-0.016,0.011],[-0.346,0.279],[-0.105,0.09],[-0.231,0.223],[-0.1,0.102],[-0.265,0.318],[-0.023,0.029],[-0.249,0.361],[-0.078,0.121],[-0.157,0.277],[-0.069,0.131],[-0.162,0.377],[-0.016,0.04],[0,2.141]],"o":[[-0.653,-2.356],[-0.02,-0.024],[-1.601,-1.752],[-0.261,-0.102],[-0.125,-0.041],[-0.227,-0.068],[-0.203,-0.051],[-0.007,-0.002],[-0.485,-0.1],[-0.479,-0.049],[-0.068,-0.001],[-0.108,0],[-0.098,0.002],[-0.124,0.005],[-0.45,0.029],[0,0],[-17.432,2.335],[-6.137,0.835],[1.433,4.656],[0,0],[0.623,1.272],[0.034,0.039],[0.635,0.701],[0.122,0.093],[0.204,0.147],[0.188,0.123],[0.264,0.155],[0.256,0.131],[0.166,0.074],[0.28,0.112],[0.136,0.045],[0.418,0.127],[0.114,0.024],[0.351,0.066],[0.134,0.015],[0.468,0.042],[0.484,0],[0.141,-0.013],[0.347,-0.041],[0.137,-0.025],[0.447,-0.096],[0.007,-0.002],[0.438,-0.136],[0.126,-0.052],[0.304,-0.135],[0.122,-0.064],[0.376,-0.209],[0.016,-0.011],[0.37,-0.25],[0.108,-0.088],[0.244,-0.209],[0.103,-0.1],[0.289,-0.295],[0.023,-0.028],[0.278,-0.338],[0.082,-0.119],[0.173,-0.265],[0.073,-0.129],[0.191,-0.36],[0.017,-0.039],[0.784,-1.856],[0,-1.442]],"v":[[47.438,-4.156],[44,-10.402],[43.938,-10.471],[38.087,-14.485],[37.293,-14.775],[36.917,-14.894],[36.227,-15.072],[35.618,-15.228],[35.596,-15.233],[34.116,-15.459],[32.667,-15.538],[32.467,-15.549],[32.146,-15.532],[31.852,-15.517],[31.482,-15.499],[30.15,-15.357],[30.149,-15.357],[-37.962,-6.191],[-46.195,6.702],[-35.36,13.708],[18.512,6.823],[20.859,10.319],[20.963,10.434],[23.048,12.351],[23.418,12.627],[24.039,13.054],[24.615,13.405],[25.421,13.848],[26.198,14.222],[26.7,14.431],[27.551,14.743],[27.958,14.879],[29.234,15.208],[29.581,15.271],[30.647,15.434],[31.049,15.478],[32.468,15.549],[33.901,15.477],[34.319,15.429],[35.346,15.272],[35.754,15.194],[37.074,14.855],[37.094,14.849],[38.378,14.379],[38.753,14.215],[39.649,13.784],[40.015,13.59],[41.117,12.921],[41.167,12.889],[42.236,12.091],[42.554,11.821],[43.267,11.173],[43.573,10.873],[44.406,9.957],[44.479,9.873],[45.266,8.821],[45.503,8.459],[45.998,7.646],[46.214,7.258],[46.746,6.154],[46.8,6.036],[48.016,0]],"c":true},"ix":2},"nm":"Path 1","mn":"ADBE Vector Shape - Group","hd":false},{"ty":"fl","c":{"a":0,"k":[0.948999980852,0.620000023935,0.086000001197,1],"ix":4},"o":{"a":0,"k":100,"ix":5},"r":1,"bm":0,"nm":"Fill 1","mn":"ADBE Vector Graphic - Fill","hd":false},{"ty":"tr","p":{"a":0,"k":[48.266,15.799],"ix":2},"a":{"a":0,"k":[0,0],"ix":1},"s":{"a":0,"k":[100,100],"ix":3},"r":{"a":0,"k":0,"ix":6},"o":{"a":0,"k":100,"ix":7},"sk":{"a":0,"k":0,"ix":4},"sa":{"a":0,"k":0,"ix":5},"nm":"Transform"}],"nm":"Group 1","np":2,"cix":2,"bm":0,"ix":1,"mn":"ADBE Vector Group","hd":false},{"ty":"gr","it":[{"ind":0,"ty":"sh","ix":1,"ks":{"a":0,"k":{"i":[[0,0],[0.067,0],[-0.067,-0.001]],"o":[[-0.066,-0.001],[0.067,0],[0,0]],"v":[[0.099,0.005],[-0.1,-0.005],[0.1,0.005]],"c":true},"ix":2},"nm":"Path 1","mn":"ADBE Vector Shape - Group","hd":false},{"ty":"fl","c":{"a":0,"k":[1,0,1,1],"ix":4},"o":{"a":0,"k":100,"ix":5},"r":1,"bm":0,"nm":"Fill 1","mn":"ADBE Vector Graphic - Fill","hd":false},{"ty":"tr","p":{"a":0,"k":[80.833,0.256],"ix":2},"a":{"a":0,"k":[0,0],"ix":1},"s":{"a":0,"k":[100,100],"ix":3},"r":{"a":0,"k":0,"ix":6},"o":{"a":0,"k":100,"ix":7},"sk":{"a":0,"k":0,"ix":4},"sa":{"a":0,"k":0,"ix":5},"nm":"Transform"}],"nm":"Group 2","np":2,"cix":2,"bm":0,"ix":2,"mn":"ADBE Vector Group","hd":false},{"ty":"gr","it":[{"ind":0,"ty":"sh","ix":1,"ks":{"a":0,"k":{"i":[[-0.485,-0.1],[0.499,0.051]],"o":[[-0.487,-0.101],[0.501,0.053]],"v":[[0.74,0.113],[-0.74,-0.113]],"c":true},"ix":2},"nm":"Path 1","mn":"ADBE Vector Shape - Group","hd":false},{"ty":"fl","c":{"a":0,"k":[1,0,1,1],"ix":4},"o":{"a":0,"k":100,"ix":5},"r":1,"bm":0,"nm":"Fill 1","mn":"ADBE Vector Graphic - Fill","hd":false},{"ty":"tr","p":{"a":0,"k":[83.122,0.453],"ix":2},"a":{"a":0,"k":[0,0],"ix":1},"s":{"a":0,"k":[100,100],"ix":3},"r":{"a":0,"k":0,"ix":6},"o":{"a":0,"k":100,"ix":7},"sk":{"a":0,"k":0,"ix":4},"sa":{"a":0,"k":0,"ix":5},"nm":"Transform"}],"nm":"Group 3","np":2,"cix":2,"bm":0,"ix":3,"mn":"ADBE Vector Group","hd":false},{"ty":"gr","it":[{"ind":0,"ty":"sh","ix":1,"ks":{"a":0,"k":{"i":[[0.124,-0.009],[0,0],[-0.124,0.005]],"o":[[0,0],[0.123,-0.008],[-0.123,0.006]],"v":[[-0.185,0.009],[-0.185,0.009],[0.185,-0.009]],"c":true},"ix":2},"nm":"Path 1","mn":"ADBE Vector Shape - Group","hd":false},{"ty":"fl","c":{"a":0,"k":[1,0,1,1],"ix":4},"o":{"a":0,"k":100,"ix":5},"r":1,"bm":0,"nm":"Fill 1","mn":"ADBE Vector Graphic - Fill","hd":false},{"ty":"tr","p":{"a":0,"k":[79.933,0.291],"ix":2},"a":{"a":0,"k":[0,0],"ix":1},"s":{"a":0,"k":[100,100],"ix":3},"r":{"a":0,"k":0,"ix":6},"o":{"a":0,"k":100,"ix":7},"sk":{"a":0,"k":0,"ix":4},"sa":{"a":0,"k":0,"ix":5},"nm":"Transform"}],"nm":"Group 4","np":2,"cix":2,"bm":0,"ix":4,"mn":"ADBE Vector Group","hd":false},{"ty":"gr","it":[{"ind":0,"ty":"sh","ix":1,"ks":{"a":0,"k":{"i":[[-0.193,-0.114],[0.188,0.122]],"o":[[-0.193,-0.114],[0.188,0.122]],"v":[[0.288,0.175],[-0.288,-0.175]],"c":true},"ix":2},"nm":"Path 1","mn":"ADBE Vector Shape - Group","hd":false},{"ty":"fl","c":{"a":0,"k":[1,0,1,1],"ix":4},"o":{"a":0,"k":100,"ix":5},"r":1,"bm":0,"nm":"Fill 1","mn":"ADBE Vector Graphic - Fill","hd":false},{"ty":"tr","p":{"a":0,"k":[72.593,29.029],"ix":2},"a":{"a":0,"k":[0,0],"ix":1},"s":{"a":0,"k":[100,100],"ix":3},"r":{"a":0,"k":0,"ix":6},"o":{"a":0,"k":100,"ix":7},"sk":{"a":0,"k":0,"ix":4},"sa":{"a":0,"k":0,"ix":5},"nm":"Transform"}],"nm":"Group 5","np":2,"cix":2,"bm":0,"ix":5,"mn":"ADBE Vector Group","hd":false},{"ty":"gr","it":[{"ind":0,"ty":"sh","ix":1,"ks":{"a":0,"k":{"i":[[-0.287,-0.097],[0.281,0.112]],"o":[[-0.287,-0.096],[0.281,0.112]],"v":[[0.426,0.156],[-0.426,-0.156]],"c":true},"ix":2},"nm":"Path 1","mn":"ADBE Vector Shape - Group","hd":false},{"ty":"fl","c":{"a":0,"k":[1,0,1,1],"ix":4},"o":{"a":0,"k":100,"ix":5},"r":1,"bm":0,"nm":"Fill 1","mn":"ADBE Vector Graphic - Fill","hd":false},{"ty":"tr","p":{"a":0,"k":[75.391,30.386],"ix":2},"a":{"a":0,"k":[0,0],"ix":1},"s":{"a":0,"k":[100,100],"ix":3},"r":{"a":0,"k":0,"ix":6},"o":{"a":0,"k":100,"ix":7},"sk":{"a":0,"k":0,"ix":4},"sa":{"a":0,"k":0,"ix":5},"nm":"Transform"}],"nm":"Group 6","np":2,"cix":2,"bm":0,"ix":6,"mn":"ADBE Vector Group","hd":false},{"ty":"gr","it":[{"ind":0,"ty":"sh","ix":1,"ks":{"a":0,"k":{"i":[[-0.264,-0.117],[0.255,0.13]],"o":[[-0.264,-0.116],[0.255,0.131]],"v":[[0.388,0.187],[-0.388,-0.187]],"c":true},"ix":2},"nm":"Path 1","mn":"ADBE Vector Shape - Group","hd":false},{"ty":"fl","c":{"a":0,"k":[1,0,1,1],"ix":4},"o":{"a":0,"k":100,"ix":5},"r":1,"bm":0,"nm":"Fill 1","mn":"ADBE Vector Graphic - Fill","hd":false},{"ty":"tr","p":{"a":0,"k":[74.076,29.834],"ix":2},"a":{"a":0,"k":[0,0],"ix":1},"s":{"a":0,"k":[100,100],"ix":3},"r":{"a":0,"k":0,"ix":6},"o":{"a":0,"k":100,"ix":7},"sk":{"a":0,"k":0,"ix":4},"sa":{"a":0,"k":0,"ix":5},"nm":"Transform"}],"nm":"Group 7","np":2,"cix":2,"bm":0,"ix":7,"mn":"ADBE Vector Group","hd":false},{"ty":"gr","it":[{"ind":0,"ty":"sh","ix":1,"ks":{"a":0,"k":{"i":[[0,0],[0.23,0.058],[-0.227,-0.068]],"o":[[-0.226,-0.069],[0.23,0.057],[0,0]],"v":[[0.344,0.088],[-0.344,-0.088],[0.344,0.088]],"c":true},"ix":2},"nm":"Path 1","mn":"ADBE Vector Shape - Group","hd":false},{"ty":"fl","c":{"a":0,"k":[1,0,1,1],"ix":4},"o":{"a":0,"k":100,"ix":5},"r":1,"bm":0,"nm":"Fill 1","mn":"ADBE Vector Graphic - Fill","hd":false},{"ty":"tr","p":{"a":0,"k":[84.838,0.816],"ix":2},"a":{"a":0,"k":[0,0],"ix":1},"s":{"a":0,"k":[100,100],"ix":3},"r":{"a":0,"k":0,"ix":6},"o":{"a":0,"k":100,"ix":7},"sk":{"a":0,"k":0,"ix":4},"sa":{"a":0,"k":0,"ix":5},"nm":"Transform"}],"nm":"Group 8","np":2,"cix":2,"bm":0,"ix":8,"mn":"ADBE Vector Group","hd":false},{"ty":"gr","it":[{"ind":0,"ty":"sh","ix":1,"ks":{"a":0,"k":{"i":[[-0.035,-0.039],[0.034,0.039]],"o":[[-0.035,-0.039],[0.034,0.039]],"v":[[0.052,0.058],[-0.052,-0.058]],"c":true},"ix":2},"nm":"Path 1","mn":"ADBE Vector Shape - Group","hd":false},{"ty":"fl","c":{"a":0,"k":[1,0,1,1],"ix":4},"o":{"a":0,"k":100,"ix":5},"r":1,"bm":0,"nm":"Fill 1","mn":"ADBE Vector Graphic - Fill","hd":false},{"ty":"tr","p":{"a":0,"k":[69.177,26.175],"ix":2},"a":{"a":0,"k":[0,0],"ix":1},"s":{"a":0,"k":[100,100],"ix":3},"r":{"a":0,"k":0,"ix":6},"o":{"a":0,"k":100,"ix":7},"sk":{"a":0,"k":0,"ix":4},"sa":{"a":0,"k":0,"ix":5},"nm":"Transform"}],"nm":"Group 9","np":2,"cix":2,"bm":0,"ix":9,"mn":"ADBE Vector Group","hd":false},{"ty":"gr","it":[{"ind":0,"ty":"sh","ix":1,"ks":{"a":0,"k":{"i":[[-0.265,0.317],[0.289,-0.295]],"o":[[-0.265,0.317],[0.289,-0.295]],"v":[[0.417,-0.458],[-0.417,0.458]],"c":true},"ix":2},"nm":"Path 1","mn":"ADBE Vector Shape - Group","hd":false},{"ty":"fl","c":{"a":0,"k":[1,0,1,1],"ix":4},"o":{"a":0,"k":100,"ix":5},"r":1,"bm":0,"nm":"Fill 1","mn":"ADBE Vector Graphic - Fill","hd":false},{"ty":"tr","p":{"a":0,"k":[92.255,26.214],"ix":2},"a":{"a":0,"k":[0,0],"ix":1},"s":{"a":0,"k":[100,100],"ix":3},"r":{"a":0,"k":0,"ix":6},"o":{"a":0,"k":100,"ix":7},"sk":{"a":0,"k":0,"ix":4},"sa":{"a":0,"k":0,"ix":5},"nm":"Transform"}],"nm":"Group 10","np":2,"cix":2,"bm":0,"ix":10,"mn":"ADBE Vector Group","hd":false},{"ty":"gr","it":[{"ind":0,"ty":"sh","ix":1,"ks":{"a":0,"k":{"i":[[-0.433,-0.092],[0.419,0.127]],"o":[[-0.433,-0.092],[0.418,0.128]],"v":[[0.638,0.164],[-0.638,-0.164]],"c":true},"ix":2},"nm":"Path 1","mn":"ADBE Vector Shape - Group","hd":false},{"ty":"fl","c":{"a":0,"k":[1,0,1,1],"ix":4},"o":{"a":0,"k":100,"ix":5},"r":1,"bm":0,"nm":"Fill 1","mn":"ADBE Vector Graphic - Fill","hd":false},{"ty":"tr","p":{"a":0,"k":[76.862,30.842],"ix":2},"a":{"a":0,"k":[0,0],"ix":1},"s":{"a":0,"k":[100,100],"ix":3},"r":{"a":0,"k":0,"ix":6},"o":{"a":0,"k":100,"ix":7},"sk":{"a":0,"k":0,"ix":4},"sa":{"a":0,"k":0,"ix":5},"nm":"Transform"}],"nm":"Group 11","np":2,"cix":2,"bm":0,"ix":11,"mn":"ADBE Vector Group","hd":false},{"ty":"gr","it":[{"ind":0,"ty":"sh","ix":1,"ks":{"a":0,"k":{"i":[[-0.262,-0.102],[0.268,0.089],[0,0]],"o":[[-0.262,-0.104],[0,0],[0.27,0.088]],"v":[[0.397,0.145],[-0.396,-0.145],[-0.397,-0.145]],"c":true},"ix":2},"nm":"Path 1","mn":"ADBE Vector Shape - Group","hd":false},{"ty":"fl","c":{"a":0,"k":[1,0,1,1],"ix":4},"o":{"a":0,"k":100,"ix":5},"r":1,"bm":0,"nm":"Fill 1","mn":"ADBE Vector Graphic - Fill","hd":false},{"ty":"tr","p":{"a":0,"k":[85.956,1.169],"ix":2},"a":{"a":0,"k":[0,0],"ix":1},"s":{"a":0,"k":[100,100],"ix":3},"r":{"a":0,"k":0,"ix":6},"o":{"a":0,"k":100,"ix":7},"sk":{"a":0,"k":0,"ix":4},"sa":{"a":0,"k":0,"ix":5},"nm":"Transform"}],"nm":"Group 12","np":2,"cix":2,"bm":0,"ix":12,"mn":"ADBE Vector Group","hd":false},{"ty":"gr","it":[{"ind":0,"ty":"sh","ix":1,"ks":{"a":0,"k":{"i":[[-0.249,0.361],[0.278,-0.338]],"o":[[-0.249,0.361],[0.278,-0.338]],"v":[[0.394,-0.526],[-0.394,0.526]],"c":true},"ix":2},"nm":"Path 1","mn":"ADBE Vector Shape - Group","hd":false},{"ty":"fl","c":{"a":0,"k":[1,0,1,1],"ix":4},"o":{"a":0,"k":100,"ix":5},"r":1,"bm":0,"nm":"Fill 1","mn":"ADBE Vector Graphic - Fill","hd":false},{"ty":"tr","p":{"a":0,"k":[93.139,25.146],"ix":2},"a":{"a":0,"k":[0,0],"ix":1},"s":{"a":0,"k":[100,100],"ix":3},"r":{"a":0,"k":0,"ix":6},"o":{"a":0,"k":100,"ix":7},"sk":{"a":0,"k":0,"ix":4},"sa":{"a":0,"k":0,"ix":5},"nm":"Transform"}],"nm":"Group 13","np":2,"cix":2,"bm":0,"ix":13,"mn":"ADBE Vector Group","hd":false},{"ty":"gr","it":[{"ind":0,"ty":"sh","ix":1,"ks":{"a":0,"k":{"i":[[0.021,0.023],[-0.02,-0.024]],"o":[[0.021,0.023],[-0.02,-0.024]],"v":[[-0.031,-0.035],[0.031,0.035]],"c":true},"ix":2},"nm":"Path 1","mn":"ADBE Vector Shape - Group","hd":false},{"ty":"fl","c":{"a":0,"k":[1,0,1,1],"ix":4},"o":{"a":0,"k":100,"ix":5},"r":1,"bm":0,"nm":"Fill 1","mn":"ADBE Vector Graphic - Fill","hd":false},{"ty":"tr","p":{"a":0,"k":[92.235,5.363],"ix":2},"a":{"a":0,"k":[0,0],"ix":1},"s":{"a":0,"k":[100,100],"ix":3},"r":{"a":0,"k":0,"ix":6},"o":{"a":0,"k":100,"ix":7},"sk":{"a":0,"k":0,"ix":4},"sa":{"a":0,"k":0,"ix":5},"nm":"Transform"}],"nm":"Group 14","np":2,"cix":2,"bm":0,"ix":14,"mn":"ADBE Vector Group","hd":false},{"ty":"gr","it":[{"ind":0,"ty":"sh","ix":1,"ks":{"a":0,"k":{"i":[[-0.156,0.277],[0.173,-0.265]],"o":[[-0.156,0.277],[0.173,-0.265]],"v":[[0.247,-0.407],[-0.247,0.407]],"c":true},"ix":2},"nm":"Path 1","mn":"ADBE Vector Shape - Group","hd":false},{"ty":"fl","c":{"a":0,"k":[1,0,1,1],"ix":4},"o":{"a":0,"k":100,"ix":5},"r":1,"bm":0,"nm":"Fill 1","mn":"ADBE Vector Graphic - Fill","hd":false},{"ty":"tr","p":{"a":0,"k":[94.016,23.851],"ix":2},"a":{"a":0,"k":[0,0],"ix":1},"s":{"a":0,"k":[100,100],"ix":3},"r":{"a":0,"k":0,"ix":6},"o":{"a":0,"k":100,"ix":7},"sk":{"a":0,"k":0,"ix":4},"sa":{"a":0,"k":0,"ix":5},"nm":"Transform"}],"nm":"Group 15","np":2,"cix":2,"bm":0,"ix":15,"mn":"ADBE Vector Group","hd":false},{"ty":"gr","it":[{"ind":0,"ty":"sh","ix":1,"ks":{"a":0,"k":{"i":[[-0.162,0.376],[0.19,-0.36]],"o":[[-0.162,0.376],[0.19,-0.36]],"v":[[0.266,-0.552],[-0.266,0.552]],"c":true},"ix":2},"nm":"Path 1","mn":"ADBE Vector Shape - Group","hd":false},{"ty":"fl","c":{"a":0,"k":[1,0,1,1],"ix":4},"o":{"a":0,"k":100,"ix":5},"r":1,"bm":0,"nm":"Fill 1","mn":"ADBE Vector Graphic - Fill","hd":false},{"ty":"tr","p":{"a":0,"k":[94.746,22.505],"ix":2},"a":{"a":0,"k":[0,0],"ix":1},"s":{"a":0,"k":[100,100],"ix":3},"r":{"a":0,"k":0,"ix":6},"o":{"a":0,"k":100,"ix":7},"sk":{"a":0,"k":0,"ix":4},"sa":{"a":0,"k":0,"ix":5},"nm":"Transform"}],"nm":"Group 16","np":2,"cix":2,"bm":0,"ix":16,"mn":"ADBE Vector Group","hd":false},{"ty":"gr","it":[{"ind":0,"ty":"sh","ix":1,"ks":{"a":0,"k":{"i":[[-0.125,-0.09],[0.122,0.093]],"o":[[-0.125,-0.09],[0.122,0.093]],"v":[[0.185,0.138],[-0.185,-0.138]],"c":true},"ix":2},"nm":"Path 1","mn":"ADBE Vector Shape - Group","hd":false},{"ty":"fl","c":{"a":0,"k":[1,0,1,1],"ix":4},"o":{"a":0,"k":100,"ix":5},"r":1,"bm":0,"nm":"Fill 1","mn":"ADBE Vector Graphic - Fill","hd":false},{"ty":"tr","p":{"a":0,"k":[71.499,28.288],"ix":2},"a":{"a":0,"k":[0,0],"ix":1},"s":{"a":0,"k":[100,100],"ix":3},"r":{"a":0,"k":0,"ix":6},"o":{"a":0,"k":100,"ix":7},"sk":{"a":0,"k":0,"ix":4},"sa":{"a":0,"k":0,"ix":5},"nm":"Transform"}],"nm":"Group 17","np":2,"cix":2,"bm":0,"ix":17,"mn":"ADBE Vector Group","hd":false},{"ty":"gr","it":[{"ind":0,"ty":"sh","ix":1,"ks":{"a":0,"k":{"i":[[-0.432,0.134],[0.446,-0.096]],"o":[[-0.432,0.134],[0.446,-0.096]],"v":[[0.66,-0.17],[-0.66,0.17]],"c":true},"ix":2},"nm":"Path 1","mn":"ADBE Vector Shape - Group","hd":false},{"ty":"fl","c":{"a":0,"k":[1,0,1,1],"ix":4},"o":{"a":0,"k":100,"ix":5},"r":1,"bm":0,"nm":"Fill 1","mn":"ADBE Vector Graphic - Fill","hd":false},{"ty":"tr","p":{"a":0,"k":[84.68,30.823],"ix":2},"a":{"a":0,"k":[0,0],"ix":1},"s":{"a":0,"k":[100,100],"ix":3},"r":{"a":0,"k":0,"ix":6},"o":{"a":0,"k":100,"ix":7},"sk":{"a":0,"k":0,"ix":4},"sa":{"a":0,"k":0,"ix":5},"nm":"Transform"}],"nm":"Group 18","np":2,"cix":2,"bm":0,"ix":18,"mn":"ADBE Vector Group","hd":false},{"ty":"gr","it":[{"ind":0,"ty":"sh","ix":1,"ks":{"a":0,"k":{"i":[[-0.42,0.173],[0.437,-0.136]],"o":[[-0.42,0.173],[0.437,-0.136]],"v":[[0.642,-0.235],[-0.642,0.235]],"c":true},"ix":2},"nm":"Path 1","mn":"ADBE Vector Shape - Group","hd":false},{"ty":"fl","c":{"a":0,"k":[1,0,1,1],"ix":4},"o":{"a":0,"k":100,"ix":5},"r":1,"bm":0,"nm":"Fill 1","mn":"ADBE Vector Graphic - Fill","hd":false},{"ty":"tr","p":{"a":0,"k":[86.002,30.413],"ix":2},"a":{"a":0,"k":[0,0],"ix":1},"s":{"a":0,"k":[100,100],"ix":3},"r":{"a":0,"k":0,"ix":6},"o":{"a":0,"k":100,"ix":7},"sk":{"a":0,"k":0,"ix":4},"sa":{"a":0,"k":0,"ix":5},"nm":"Transform"}],"nm":"Group 19","np":2,"cix":2,"bm":0,"ix":19,"mn":"ADBE Vector Group","hd":false},{"ty":"gr","it":[{"ind":0,"ty":"sh","ix":1,"ks":{"a":0,"k":{"i":[[-0.346,0.279],[0.369,-0.249]],"o":[[-0.346,0.279],[0.369,-0.249]],"v":[[0.534,-0.399],[-0.534,0.399]],"c":true},"ix":2},"nm":"Path 1","mn":"ADBE Vector Shape - Group","hd":false},{"ty":"fl","c":{"a":0,"k":[1,0,1,1],"ix":4},"o":{"a":0,"k":100,"ix":5},"r":1,"bm":0,"nm":"Fill 1","mn":"ADBE Vector Graphic - Fill","hd":false},{"ty":"tr","p":{"a":0,"k":[89.968,28.289],"ix":2},"a":{"a":0,"k":[0,0],"ix":1},"s":{"a":0,"k":[100,100],"ix":3},"r":{"a":0,"k":0,"ix":6},"o":{"a":0,"k":100,"ix":7},"sk":{"a":0,"k":0,"ix":4},"sa":{"a":0,"k":0,"ix":5},"nm":"Transform"}],"nm":"Group 20","np":2,"cix":2,"bm":0,"ix":20,"mn":"ADBE Vector Group","hd":false},{"ty":"gr","it":[{"ind":0,"ty":"sh","ix":1,"ks":{"a":0,"k":{"i":[[-0.294,0.153],[0.304,-0.135]],"o":[[-0.294,0.153],[0.304,-0.135]],"v":[[0.448,-0.216],[-0.448,0.216]],"c":true},"ix":2},"nm":"Path 1","mn":"ADBE Vector Shape - Group","hd":false},{"ty":"fl","c":{"a":0,"k":[1,0,1,1],"ix":4},"o":{"a":0,"k":100,"ix":5},"r":1,"bm":0,"nm":"Fill 1","mn":"ADBE Vector Graphic - Fill","hd":false},{"ty":"tr","p":{"a":0,"k":[87.467,29.799],"ix":2},"a":{"a":0,"k":[0,0],"ix":1},"s":{"a":0,"k":[100,100],"ix":3},"r":{"a":0,"k":0,"ix":6},"o":{"a":0,"k":100,"ix":7},"sk":{"a":0,"k":0,"ix":4},"sa":{"a":0,"k":0,"ix":5},"nm":"Transform"}],"nm":"Group 21","np":2,"cix":2,"bm":0,"ix":21,"mn":"ADBE Vector Group","hd":false},{"ty":"gr","it":[{"ind":0,"ty":"sh","ix":1,"ks":{"a":0,"k":{"i":[[-0.339,0.063],[0.346,-0.041]],"o":[[-0.339,0.063],[0.346,-0.041]],"v":[[0.514,-0.079],[-0.514,0.079]],"c":true},"ix":2},"nm":"Path 1","mn":"ADBE Vector Shape - Group","hd":false},{"ty":"fl","c":{"a":0,"k":[1,0,1,1],"ix":4},"o":{"a":0,"k":100,"ix":5},"r":1,"bm":0,"nm":"Fill 1","mn":"ADBE Vector Graphic - Fill","hd":false},{"ty":"tr","p":{"a":0,"k":[83.099,31.15],"ix":2},"a":{"a":0,"k":[0,0],"ix":1},"s":{"a":0,"k":[100,100],"ix":3},"r":{"a":0,"k":0,"ix":6},"o":{"a":0,"k":100,"ix":7},"sk":{"a":0,"k":0,"ix":4},"sa":{"a":0,"k":0,"ix":5},"nm":"Transform"}],"nm":"Group 22","np":2,"cix":2,"bm":0,"ix":22,"mn":"ADBE Vector Group","hd":false},{"ty":"gr","it":[{"ind":0,"ty":"sh","ix":1,"ks":{"a":0,"k":{"i":[[-0.359,-0.042],[0.351,0.066]],"o":[[-0.359,-0.042],[0.351,0.066]],"v":[[0.533,0.081],[-0.533,-0.081]],"c":true},"ix":2},"nm":"Path 1","mn":"ADBE Vector Shape - Group","hd":false},{"ty":"fl","c":{"a":0,"k":[1,0,1,1],"ix":4},"o":{"a":0,"k":100,"ix":5},"r":1,"bm":0,"nm":"Fill 1","mn":"ADBE Vector Graphic - Fill","hd":false},{"ty":"tr","p":{"a":0,"k":[78.38,31.151],"ix":2},"a":{"a":0,"k":[0,0],"ix":1},"s":{"a":0,"k":[100,100],"ix":3},"r":{"a":0,"k":0,"ix":6},"o":{"a":0,"k":100,"ix":7},"sk":{"a":0,"k":0,"ix":4},"sa":{"a":0,"k":0,"ix":5},"nm":"Transform"}],"nm":"Group 23","np":2,"cix":2,"bm":0,"ix":23,"mn":"ADBE Vector Group","hd":false},{"ty":"gr","it":[{"ind":0,"ty":"sh","ix":1,"ks":{"a":0,"k":{"i":[[-0.479,0],[0.468,0.042]],"o":[[-0.479,0],[0.468,0.042]],"v":[[0.71,0.035],[-0.71,-0.035]],"c":true},"ix":2},"nm":"Path 1","mn":"ADBE Vector Shape - Group","hd":false},{"ty":"fl","c":{"a":0,"k":[1,0,1,1],"ix":4},"o":{"a":0,"k":100,"ix":5},"r":1,"bm":0,"nm":"Fill 1","mn":"ADBE Vector Graphic - Fill","hd":false},{"ty":"tr","p":{"a":0,"k":[80.025,31.313],"ix":2},"a":{"a":0,"k":[0,0],"ix":1},"s":{"a":0,"k":[100,100],"ix":3},"r":{"a":0,"k":0,"ix":6},"o":{"a":0,"k":100,"ix":7},"sk":{"a":0,"k":0,"ix":4},"sa":{"a":0,"k":0,"ix":5},"nm":"Transform"}],"nm":"Group 24","np":2,"cix":2,"bm":0,"ix":24,"mn":"ADBE Vector Group","hd":false},{"ty":"gr","it":[{"ind":0,"ty":"sh","ix":1,"ks":{"a":0,"k":{"i":[[-0.356,0.239],[0.376,-0.209]],"o":[[-0.356,0.239],[0.376,-0.209]],"v":[[0.551,-0.335],[-0.551,0.335]],"c":true},"ix":2},"nm":"Path 1","mn":"ADBE Vector Shape - Group","hd":false},{"ty":"fl","c":{"a":0,"k":[1,0,1,1],"ix":4},"o":{"a":0,"k":100,"ix":5},"r":1,"bm":0,"nm":"Fill 1","mn":"ADBE Vector Graphic - Fill","hd":false},{"ty":"tr","p":{"a":0,"k":[88.832,29.055],"ix":2},"a":{"a":0,"k":[0,0],"ix":1},"s":{"a":0,"k":[100,100],"ix":3},"r":{"a":0,"k":0,"ix":6},"o":{"a":0,"k":100,"ix":7},"sk":{"a":0,"k":0,"ix":4},"sa":{"a":0,"k":0,"ix":5},"nm":"Transform"}],"nm":"Group 25","np":2,"cix":2,"bm":0,"ix":25,"mn":"ADBE Vector Group","hd":false},{"ty":"gr","it":[{"ind":0,"ty":"sh","ix":1,"ks":{"a":0,"k":{"i":[[-0.231,0.223],[0.244,-0.209]],"o":[[-0.231,0.223],[0.244,-0.209]],"v":[[0.357,-0.324],[-0.357,0.324]],"c":true},"ix":2},"nm":"Path 1","mn":"ADBE Vector Shape - Group","hd":false},{"ty":"fl","c":{"a":0,"k":[1,0,1,1],"ix":4},"o":{"a":0,"k":100,"ix":5},"r":1,"bm":0,"nm":"Fill 1","mn":"ADBE Vector Graphic - Fill","hd":false},{"ty":"tr","p":{"a":0,"k":[91.177,27.296],"ix":2},"a":{"a":0,"k":[0,0],"ix":1},"s":{"a":0,"k":[100,100],"ix":3},"r":{"a":0,"k":0,"ix":6},"o":{"a":0,"k":100,"ix":7},"sk":{"a":0,"k":0,"ix":4},"sa":{"a":0,"k":0,"ix":5},"nm":"Transform"}],"nm":"Group 26","np":2,"cix":2,"bm":0,"ix":26,"mn":"ADBE Vector Group","hd":false},{"ty":"gr","it":[{"ind":0,"ty":"sh","ix":1,"ks":{"a":0,"k":{"i":[[-0.473,0.043],[0.484,0]],"o":[[-0.473,0.043],[0.484,0]],"v":[[0.717,-0.036],[-0.717,0.036]],"c":true},"ix":2},"nm":"Path 1","mn":"ADBE Vector Shape - Group","hd":false},{"ty":"fl","c":{"a":0,"k":[1,0,1,1],"ix":4},"o":{"a":0,"k":100,"ix":5},"r":1,"bm":0,"nm":"Fill 1","mn":"ADBE Vector Graphic - Fill","hd":false},{"ty":"tr","p":{"a":0,"k":[81.45,31.312],"ix":2},"a":{"a":0,"k":[0,0],"ix":1},"s":{"a":0,"k":[100,100],"ix":3},"r":{"a":0,"k":0,"ix":6},"o":{"a":0,"k":100,"ix":7},"sk":{"a":0,"k":0,"ix":4},"sa":{"a":0,"k":0,"ix":5},"nm":"Transform"}],"nm":"Group 27","np":2,"cix":2,"bm":0,"ix":27,"mn":"ADBE Vector Group","hd":false},{"ty":"gr","it":[{"ind":0,"ty":"sh","ix":1,"ks":{"a":0,"k":{"i":[[-0.121,0.067],[0.122,-0.064]],"o":[[-0.121,0.067],[0.122,-0.064]],"v":[[0.183,-0.097],[-0.183,0.097]],"c":true},"ix":2},"nm":"Path 1","mn":"ADBE Vector Shape - Group","hd":false},{"ty":"fl","c":{"a":0,"k":[1,0,1,1],"ix":4},"o":{"a":0,"k":100,"ix":5},"r":1,"bm":0,"nm":"Fill 1","mn":"ADBE Vector Graphic - Fill","hd":false},{"ty":"tr","p":{"a":0,"k":[88.098,29.486],"ix":2},"a":{"a":0,"k":[0,0],"ix":1},"s":{"a":0,"k":[100,100],"ix":3},"r":{"a":0,"k":0,"ix":6},"o":{"a":0,"k":100,"ix":7},"sk":{"a":0,"k":0,"ix":4},"sa":{"a":0,"k":0,"ix":5},"nm":"Transform"}],"nm":"Group 28","np":2,"cix":2,"bm":0,"ix":28,"mn":"ADBE Vector Group","hd":false},{"ty":"gr","it":[{"ind":0,"ty":"sh","ix":1,"ks":{"a":0,"k":{"i":[[-0.017,0.011],[0.017,-0.011]],"o":[[-0.017,0.011],[0.017,-0.011]],"v":[[0.026,-0.016],[-0.026,0.016]],"c":true},"ix":2},"nm":"Path 1","mn":"ADBE Vector Shape - Group","hd":false},{"ty":"fl","c":{"a":0,"k":[1,0,1,1],"ix":4},"o":{"a":0,"k":100,"ix":5},"r":1,"bm":0,"nm":"Fill 1","mn":"ADBE Vector Graphic - Fill","hd":false},{"ty":"tr","p":{"a":0,"k":[89.408,28.704],"ix":2},"a":{"a":0,"k":[0,0],"ix":1},"s":{"a":0,"k":[100,100],"ix":3},"r":{"a":0,"k":0,"ix":6},"o":{"a":0,"k":100,"ix":7},"sk":{"a":0,"k":0,"ix":4},"sa":{"a":0,"k":0,"ix":5},"nm":"Transform"}],"nm":"Group 29","np":2,"cix":2,"bm":0,"ix":29,"mn":"ADBE Vector Group","hd":false},{"ty":"gr","it":[{"ind":0,"ty":"sh","ix":1,"ks":{"a":0,"k":{"i":[[-0.069,0.131],[0.073,-0.129]],"o":[[-0.069,0.131],[0.073,-0.129]],"v":[[0.109,-0.194],[-0.109,0.194]],"c":true},"ix":2},"nm":"Path 1","mn":"ADBE Vector Shape - Group","hd":false},{"ty":"fl","c":{"a":0,"k":[1,0,1,1],"ix":4},"o":{"a":0,"k":100,"ix":5},"r":1,"bm":0,"nm":"Fill 1","mn":"ADBE Vector Graphic - Fill","hd":false},{"ty":"tr","p":{"a":0,"k":[94.372,23.251],"ix":2},"a":{"a":0,"k":[0,0],"ix":1},"s":{"a":0,"k":[100,100],"ix":3},"r":{"a":0,"k":0,"ix":6},"o":{"a":0,"k":100,"ix":7},"sk":{"a":0,"k":0,"ix":4},"sa":{"a":0,"k":0,"ix":5},"nm":"Transform"}],"nm":"Group 30","np":2,"cix":2,"bm":0,"ix":30,"mn":"ADBE Vector Group","hd":false},{"ty":"gr","it":[{"ind":0,"ty":"sh","ix":1,"ks":{"a":0,"k":{"i":[[-0.078,0.121],[0.082,-0.119]],"o":[[-0.078,0.121],[0.082,-0.119]],"v":[[0.119,-0.181],[-0.119,0.181]],"c":true},"ix":2},"nm":"Path 1","mn":"ADBE Vector Shape - Group","hd":false},{"ty":"fl","c":{"a":0,"k":[1,0,1,1],"ix":4},"o":{"a":0,"k":100,"ix":5},"r":1,"bm":0,"nm":"Fill 1","mn":"ADBE Vector Graphic - Fill","hd":false},{"ty":"tr","p":{"a":0,"k":[93.651,24.439],"ix":2},"a":{"a":0,"k":[0,0],"ix":1},"s":{"a":0,"k":[100,100],"ix":3},"r":{"a":0,"k":0,"ix":6},"o":{"a":0,"k":100,"ix":7},"sk":{"a":0,"k":0,"ix":4},"sa":{"a":0,"k":0,"ix":5},"nm":"Transform"}],"nm":"Group 31","np":2,"cix":2,"bm":0,"ix":31,"mn":"ADBE Vector Group","hd":false},{"ty":"gr","it":[{"ind":0,"ty":"sh","ix":1,"ks":{"a":0,"k":{"i":[[0.018,-0.04],[-0.017,0.04]],"o":[[0.018,-0.04],[-0.017,0.04]],"v":[[-0.027,0.059],[0.027,-0.059]],"c":true},"ix":2},"nm":"Path 1","mn":"ADBE Vector Shape - Group","hd":false},{"ty":"fl","c":{"a":0,"k":[1,0,1,1],"ix":4},"o":{"a":0,"k":100,"ix":5},"r":1,"bm":0,"nm":"Fill 1","mn":"ADBE Vector Graphic - Fill","hd":false},{"ty":"tr","p":{"a":0,"k":[95.039,21.894],"ix":2},"a":{"a":0,"k":[0,0],"ix":1},"s":{"a":0,"k":[100,100],"ix":3},"r":{"a":0,"k":0,"ix":6},"o":{"a":0,"k":100,"ix":7},"sk":{"a":0,"k":0,"ix":4},"sa":{"a":0,"k":0,"ix":5},"nm":"Transform"}],"nm":"Group 32","np":2,"cix":2,"bm":0,"ix":32,"mn":"ADBE Vector Group","hd":false},{"ty":"gr","it":[{"ind":0,"ty":"sh","ix":1,"ks":{"a":0,"k":{"i":[[-0.1,0.103],[0.103,-0.1]],"o":[[-0.1,0.102],[0.103,-0.1]],"v":[[0.153,-0.15],[-0.153,0.15]],"c":true},"ix":2},"nm":"Path 1","mn":"ADBE Vector Shape - Group","hd":false},{"ty":"fl","c":{"a":0,"k":[1,0,1,1],"ix":4},"o":{"a":0,"k":100,"ix":5},"r":1,"bm":0,"nm":"Fill 1","mn":"ADBE Vector Graphic - Fill","hd":false},{"ty":"tr","p":{"a":0,"k":[91.686,26.822],"ix":2},"a":{"a":0,"k":[0,0],"ix":1},"s":{"a":0,"k":[100,100],"ix":3},"r":{"a":0,"k":0,"ix":6},"o":{"a":0,"k":100,"ix":7},"sk":{"a":0,"k":0,"ix":4},"sa":{"a":0,"k":0,"ix":5},"nm":"Transform"}],"nm":"Group 33","np":2,"cix":2,"bm":0,"ix":33,"mn":"ADBE Vector Group","hd":false},{"ty":"gr","it":[{"ind":0,"ty":"sh","ix":1,"ks":{"a":0,"k":{"i":[[-0.023,0.029],[0.023,-0.028]],"o":[[-0.023,0.029],[0.023,-0.028]],"v":[[0.037,-0.042],[-0.037,0.042]],"c":true},"ix":2},"nm":"Path 1","mn":"ADBE Vector Shape - Group","hd":false},{"ty":"fl","c":{"a":0,"k":[1,0,1,1],"ix":4},"o":{"a":0,"k":100,"ix":5},"r":1,"bm":0,"nm":"Fill 1","mn":"ADBE Vector Graphic - Fill","hd":false},{"ty":"tr","p":{"a":0,"k":[92.708,25.714],"ix":2},"a":{"a":0,"k":[0,0],"ix":1},"s":{"a":0,"k":[100,100],"ix":3},"r":{"a":0,"k":0,"ix":6},"o":{"a":0,"k":100,"ix":7},"sk":{"a":0,"k":0,"ix":4},"sa":{"a":0,"k":0,"ix":5},"nm":"Transform"}],"nm":"Group 34","np":2,"cix":2,"bm":0,"ix":34,"mn":"ADBE Vector Group","hd":false},{"ty":"gr","it":[{"ind":0,"ty":"sh","ix":1,"ks":{"a":0,"k":{"i":[[0.635,0.701],[-0.753,-0.576]],"o":[[0.636,0.701],[-0.751,-0.576]],"v":[[-1.042,-0.959],[1.042,0.959]],"c":true},"ix":2},"nm":"Path 1","mn":"ADBE Vector Shape - Group","hd":false},{"ty":"fl","c":{"a":0,"k":[1,0,1,1],"ix":4},"o":{"a":0,"k":100,"ix":5},"r":1,"bm":0,"nm":"Fill 1","mn":"ADBE Vector Graphic - Fill","hd":false},{"ty":"tr","p":{"a":0,"k":[70.272,27.192],"ix":2},"a":{"a":0,"k":[0,0],"ix":1},"s":{"a":0,"k":[100,100],"ix":3},"r":{"a":0,"k":0,"ix":6},"o":{"a":0,"k":100,"ix":7},"sk":{"a":0,"k":0,"ix":4},"sa":{"a":0,"k":0,"ix":5},"nm":"Transform"}],"nm":"Group 35","np":2,"cix":2,"bm":0,"ix":35,"mn":"ADBE Vector Group","hd":false},{"ty":"gr","it":[{"ind":0,"ty":"sh","ix":1,"ks":{"a":0,"k":{"i":[[-0.203,-0.052],[0.214,0.044],[-0.007,-0.001]],"o":[[-0.211,-0.053],[0.007,0.002],[0.206,0.043]],"v":[[0.316,0.081],[-0.316,-0.081],[-0.294,-0.076]],"c":true},"ix":2},"nm":"Path 1","mn":"ADBE Vector Shape - Group","hd":false},{"ty":"fl","c":{"a":0,"k":[1,0,1,1],"ix":4},"o":{"a":0,"k":100,"ix":5},"r":1,"bm":0,"nm":"Fill 1","mn":"ADBE Vector Graphic - Fill","hd":false},{"ty":"tr","p":{"a":0,"k":[84.177,0.646],"ix":2},"a":{"a":0,"k":[0,0],"ix":1},"s":{"a":0,"k":[100,100],"ix":3},"r":{"a":0,"k":0,"ix":6},"o":{"a":0,"k":100,"ix":7},"sk":{"a":0,"k":0,"ix":4},"sa":{"a":0,"k":0,"ix":5},"nm":"Transform"}],"nm":"Group 36","np":2,"cix":2,"bm":0,"ix":36,"mn":"ADBE Vector Group","hd":false},{"ty":"gr","it":[{"ind":0,"ty":"sh","ix":1,"ks":{"a":0,"k":{"i":[[-0.108,0],[0.206,-0.008],[-0.098,0.002]],"o":[[-0.207,0],[0.097,-0.005],[0.108,-0.003]],"v":[[0.308,-0.016],[-0.308,0.016],[-0.014,0.002]],"c":true},"ix":2},"nm":"Path 1","mn":"ADBE Vector Shape - Group","hd":false},{"ty":"fl","c":{"a":0,"k":[1,0,1,1],"ix":4},"o":{"a":0,"k":100,"ix":5},"r":1,"bm":0,"nm":"Fill 1","mn":"ADBE Vector Graphic - Fill","hd":false},{"ty":"tr","p":{"a":0,"k":[80.426,0.266],"ix":2},"a":{"a":0,"k":[0,0],"ix":1},"s":{"a":0,"k":[100,100],"ix":3},"r":{"a":0,"k":0,"ix":6},"o":{"a":0,"k":100,"ix":7},"sk":{"a":0,"k":0,"ix":4},"sa":{"a":0,"k":0,"ix":5},"nm":"Transform"}],"nm":"Group 37","np":2,"cix":2,"bm":0,"ix":37,"mn":"ADBE Vector Group","hd":false},{"ty":"gr","it":[{"ind":0,"ty":"sh","ix":1,"ks":{"a":0,"k":{"i":[[-0.105,0.09],[0.108,-0.088]],"o":[[-0.105,0.09],[0.108,-0.088]],"v":[[0.159,-0.135],[-0.159,0.135]],"c":true},"ix":2},"nm":"Path 1","mn":"ADBE Vector Shape - Group","hd":false},{"ty":"fl","c":{"a":0,"k":[1,0,1,1],"ix":4},"o":{"a":0,"k":100,"ix":5},"r":1,"bm":0,"nm":"Fill 1","mn":"ADBE Vector Graphic - Fill","hd":false},{"ty":"tr","p":{"a":0,"k":[90.661,27.755],"ix":2},"a":{"a":0,"k":[0,0],"ix":1},"s":{"a":0,"k":[100,100],"ix":3},"r":{"a":0,"k":0,"ix":6},"o":{"a":0,"k":100,"ix":7},"sk":{"a":0,"k":0,"ix":4},"sa":{"a":0,"k":0,"ix":5},"nm":"Transform"}],"nm":"Group 38","np":2,"cix":2,"bm":0,"ix":38,"mn":"ADBE Vector Group","hd":false},{"ty":"gr","it":[{"ind":0,"ty":"sh","ix":1,"ks":{"a":0,"k":{"i":[[-0.45,0.028],[0.438,-0.066],[0,0]],"o":[[-0.45,0.028],[0,0],[0.438,-0.066]],"v":[[0.667,-0.071],[-0.667,0.071],[-0.665,0.071]],"c":true},"ix":2},"nm":"Path 1","mn":"ADBE Vector Shape - Group","hd":false},{"ty":"fl","c":{"a":0,"k":[1,0,1,1],"ix":4},"o":{"a":0,"k":100,"ix":5},"r":1,"bm":0,"nm":"Fill 1","mn":"ADBE Vector Graphic - Fill","hd":false},{"ty":"tr","p":{"a":0,"k":[79.081,0.371],"ix":2},"a":{"a":0,"k":[0,0],"ix":1},"s":{"a":0,"k":[100,100],"ix":3},"r":{"a":0,"k":0,"ix":6},"o":{"a":0,"k":100,"ix":7},"sk":{"a":0,"k":0,"ix":4},"sa":{"a":0,"k":0,"ix":5},"nm":"Transform"}],"nm":"Group 39","np":2,"cix":2,"bm":0,"ix":39,"mn":"ADBE Vector Group","hd":false},{"ty":"gr","it":[{"ind":0,"ty":"sh","ix":1,"ks":{"a":0,"k":{"i":[[-0.274,-0.14],[0.265,0.155]],"o":[[-0.273,-0.14],[0.265,0.155]],"v":[[0.404,0.222],[-0.404,-0.222]],"c":true},"ix":2},"nm":"Path 1","mn":"ADBE Vector Shape - Group","hd":false},{"ty":"fl","c":{"a":0,"k":[1,0,1,1],"ix":4},"o":{"a":0,"k":100,"ix":5},"r":1,"bm":0,"nm":"Fill 1","mn":"ADBE Vector Graphic - Fill","hd":false},{"ty":"tr","p":{"a":0,"k":[73.284,29.425],"ix":2},"a":{"a":0,"k":[0,0],"ix":1},"s":{"a":0,"k":[100,100],"ix":3},"r":{"a":0,"k":0,"ix":6},"o":{"a":0,"k":100,"ix":7},"sk":{"a":0,"k":0,"ix":4},"sa":{"a":0,"k":0,"ix":5},"nm":"Transform"}],"nm":"Group 40","np":2,"cix":2,"bm":0,"ix":40,"mn":"ADBE Vector Group","hd":false},{"ty":"gr","it":[{"ind":0,"ty":"sh","ix":1,"ks":{"a":0,"k":{"i":[[1.593,1.764],[-0.654,-2.356]],"o":[[1.59,1.762],[-0.654,-2.356]],"v":[[-1.719,-3.123],[1.719,3.123]],"c":true},"ix":2},"nm":"Path 1","mn":"ADBE Vector Shape - Group","hd":false},{"ty":"fl","c":{"a":0,"k":[1,0,1,1],"ix":4},"o":{"a":0,"k":100,"ix":5},"r":1,"bm":0,"nm":"Fill 1","mn":"ADBE Vector Graphic - Fill","hd":false},{"ty":"tr","p":{"a":0,"k":[93.985,8.52],"ix":2},"a":{"a":0,"k":[0,0],"ix":1},"s":{"a":0,"k":[100,100],"ix":3},"r":{"a":0,"k":0,"ix":6},"o":{"a":0,"k":100,"ix":7},"sk":{"a":0,"k":0,"ix":4},"sa":{"a":0,"k":0,"ix":5},"nm":"Transform"}],"nm":"Group 41","np":2,"cix":2,"bm":0,"ix":41,"mn":"ADBE Vector Group","hd":false},{"ty":"gr","it":[{"ind":0,"ty":"sh","ix":1,"ks":{"a":0,"k":{"i":[[-0.169,-0.067],[0.166,0.073]],"o":[[-0.168,-0.068],[0.166,0.073]],"v":[[0.251,0.104],[-0.251,-0.104]],"c":true},"ix":2},"nm":"Path 1","mn":"ADBE Vector Shape - Group","hd":false},{"ty":"fl","c":{"a":0,"k":[1,0,1,1],"ix":4},"o":{"a":0,"k":100,"ix":5},"r":1,"bm":0,"nm":"Fill 1","mn":"ADBE Vector Graphic - Fill","hd":false},{"ty":"tr","p":{"a":0,"k":[74.715,30.126],"ix":2},"a":{"a":0,"k":[0,0],"ix":1},"s":{"a":0,"k":[100,100],"ix":3},"r":{"a":0,"k":0,"ix":6},"o":{"a":0,"k":100,"ix":7},"sk":{"a":0,"k":0,"ix":4},"sa":{"a":0,"k":0,"ix":5},"nm":"Transform"}],"nm":"Group 42","np":2,"cix":2,"bm":0,"ix":42,"mn":"ADBE Vector Group","hd":false},{"ty":"gr","it":[{"ind":0,"ty":"sh","ix":1,"ks":{"a":0,"k":{"i":[[-0.211,-0.137],[0.203,0.147]],"o":[[-0.211,-0.137],[0.204,0.146]],"v":[[0.31,0.213],[-0.31,-0.213]],"c":true},"ix":2},"nm":"Path 1","mn":"ADBE Vector Shape - Group","hd":false},{"ty":"fl","c":{"a":0,"k":[1,0,1,1],"ix":4},"o":{"a":0,"k":100,"ix":5},"r":1,"bm":0,"nm":"Fill 1","mn":"ADBE Vector Graphic - Fill","hd":false},{"ty":"tr","p":{"a":0,"k":[71.995,28.64],"ix":2},"a":{"a":0,"k":[0,0],"ix":1},"s":{"a":0,"k":[100,100],"ix":3},"r":{"a":0,"k":0,"ix":6},"o":{"a":0,"k":100,"ix":7},"sk":{"a":0,"k":0,"ix":4},"sa":{"a":0,"k":0,"ix":5},"nm":"Transform"}],"nm":"Group 43","np":2,"cix":2,"bm":0,"ix":43,"mn":"ADBE Vector Group","hd":false},{"ty":"gr","it":[{"ind":0,"ty":"sh","ix":1,"ks":{"a":0,"k":{"i":[[-0.115,-0.021],[0.115,0.024]],"o":[[-0.115,-0.021],[0.115,0.024]],"v":[[0.174,0.031],[-0.174,-0.031]],"c":true},"ix":2},"nm":"Path 1","mn":"ADBE Vector Shape - Group","hd":false},{"ty":"fl","c":{"a":0,"k":[1,0,1,1],"ix":4},"o":{"a":0,"k":100,"ix":5},"r":1,"bm":0,"nm":"Fill 1","mn":"ADBE Vector Graphic - Fill","hd":false},{"ty":"tr","p":{"a":0,"k":[77.673,31.038],"ix":2},"a":{"a":0,"k":[0,0],"ix":1},"s":{"a":0,"k":[100,100],"ix":3},"r":{"a":0,"k":0,"ix":6},"o":{"a":0,"k":100,"ix":7},"sk":{"a":0,"k":0,"ix":4},"sa":{"a":0,"k":0,"ix":5},"nm":"Transform"}],"nm":"Group 44","np":2,"cix":2,"bm":0,"ix":44,"mn":"ADBE Vector Group","hd":false},{"ty":"gr","it":[{"ind":0,"ty":"sh","ix":1,"ks":{"a":0,"k":{"i":[[-0.135,-0.012],[0.133,0.016]],"o":[[-0.135,-0.012],[0.134,0.016]],"v":[[0.201,0.022],[-0.201,-0.022]],"c":true},"ix":2},"nm":"Path 1","mn":"ADBE Vector Shape - Group","hd":false},{"ty":"fl","c":{"a":0,"k":[1,0,1,1],"ix":4},"o":{"a":0,"k":100,"ix":5},"r":1,"bm":0,"nm":"Fill 1","mn":"ADBE Vector Graphic - Fill","hd":false},{"ty":"tr","p":{"a":0,"k":[79.114,31.255],"ix":2},"a":{"a":0,"k":[0,0],"ix":1},"s":{"a":0,"k":[100,100],"ix":3},"r":{"a":0,"k":0,"ix":6},"o":{"a":0,"k":100,"ix":7},"sk":{"a":0,"k":0,"ix":4},"sa":{"a":0,"k":0,"ix":5},"nm":"Transform"}],"nm":"Group 45","np":2,"cix":2,"bm":0,"ix":45,"mn":"ADBE Vector Group","hd":false},{"ty":"gr","it":[{"ind":0,"ty":"sh","ix":1,"ks":{"a":0,"k":{"i":[[-0.137,-0.042],[0.135,0.045]],"o":[[-0.137,-0.042],[0.135,0.045]],"v":[[0.203,0.068],[-0.203,-0.068]],"c":true},"ix":2},"nm":"Path 1","mn":"ADBE Vector Shape - Group","hd":false},{"ty":"fl","c":{"a":0,"k":[1,0,1,1],"ix":4},"o":{"a":0,"k":100,"ix":5},"r":1,"bm":0,"nm":"Fill 1","mn":"ADBE Vector Graphic - Fill","hd":false},{"ty":"tr","p":{"a":0,"k":[76.02,30.61],"ix":2},"a":{"a":0,"k":[0,0],"ix":1},"s":{"a":0,"k":[100,100],"ix":3},"r":{"a":0,"k":0,"ix":6},"o":{"a":0,"k":100,"ix":7},"sk":{"a":0,"k":0,"ix":4},"sa":{"a":0,"k":0,"ix":5},"nm":"Transform"}],"nm":"Group 46","np":2,"cix":2,"bm":0,"ix":46,"mn":"ADBE Vector Group","hd":false},{"ty":"gr","it":[{"ind":0,"ty":"sh","ix":1,"ks":{"a":0,"k":{"i":[[-0.139,0.017],[0.141,-0.013]],"o":[[-0.139,0.017],[0.141,-0.013]],"v":[[0.209,-0.024],[-0.209,0.024]],"c":true},"ix":2},"nm":"Path 1","mn":"ADBE Vector Shape - Group","hd":false},{"ty":"fl","c":{"a":0,"k":[1,0,1,1],"ix":4},"o":{"a":0,"k":100,"ix":5},"r":1,"bm":0,"nm":"Fill 1","mn":"ADBE Vector Graphic - Fill","hd":false},{"ty":"tr","p":{"a":0,"k":[82.376,31.252],"ix":2},"a":{"a":0,"k":[0,0],"ix":1},"s":{"a":0,"k":[100,100],"ix":3},"r":{"a":0,"k":0,"ix":6},"o":{"a":0,"k":100,"ix":7},"sk":{"a":0,"k":0,"ix":4},"sa":{"a":0,"k":0,"ix":5},"nm":"Transform"}],"nm":"Group 47","np":2,"cix":2,"bm":0,"ix":47,"mn":"ADBE Vector Group","hd":false},{"ty":"gr","it":[{"ind":0,"ty":"sh","ix":1,"ks":{"a":0,"k":{"i":[[0.126,0.038],[-0.125,-0.041]],"o":[[0.127,0.038],[-0.125,-0.041]],"v":[[-0.188,-0.06],[0.188,0.06]],"c":true},"ix":2},"nm":"Path 1","mn":"ADBE Vector Shape - Group","hd":false},{"ty":"fl","c":{"a":0,"k":[1,0,1,1],"ix":4},"o":{"a":0,"k":100,"ix":5},"r":1,"bm":0,"nm":"Fill 1","mn":"ADBE Vector Graphic - Fill","hd":false},{"ty":"tr","p":{"a":0,"k":[85.371,0.964],"ix":2},"a":{"a":0,"k":[0,0],"ix":1},"s":{"a":0,"k":[100,100],"ix":3},"r":{"a":0,"k":0,"ix":6},"o":{"a":0,"k":100,"ix":7},"sk":{"a":0,"k":0,"ix":4},"sa":{"a":0,"k":0,"ix":5},"nm":"Transform"}],"nm":"Group 48","np":2,"cix":2,"bm":0,"ix":48,"mn":"ADBE Vector Group","hd":false},{"ty":"gr","it":[{"ind":0,"ty":"sh","ix":1,"ks":{"a":0,"k":{"i":[[-0.125,0.055],[0.126,-0.052]],"o":[[-0.125,0.055],[0.126,-0.052]],"v":[[0.188,-0.082],[-0.188,0.082]],"c":true},"ix":2},"nm":"Path 1","mn":"ADBE Vector Shape - Group","hd":false},{"ty":"fl","c":{"a":0,"k":[1,0,1,1],"ix":4},"o":{"a":0,"k":100,"ix":5},"r":1,"bm":0,"nm":"Fill 1","mn":"ADBE Vector Graphic - Fill","hd":false},{"ty":"tr","p":{"a":0,"k":[86.832,30.096],"ix":2},"a":{"a":0,"k":[0,0],"ix":1},"s":{"a":0,"k":[100,100],"ix":3},"r":{"a":0,"k":0,"ix":6},"o":{"a":0,"k":100,"ix":7},"sk":{"a":0,"k":0,"ix":4},"sa":{"a":0,"k":0,"ix":5},"nm":"Transform"}],"nm":"Group 49","np":2,"cix":2,"bm":0,"ix":49,"mn":"ADBE Vector Group","hd":false},{"ty":"gr","it":[{"ind":0,"ty":"sh","ix":1,"ks":{"a":0,"k":{"i":[[2.254,0.875],[-1.601,-1.753]],"o":[[2.254,0.875],[-1.603,-1.755]],"v":[[-2.925,-2.007],[2.925,2.007]],"c":true},"ix":2},"nm":"Path 1","mn":"ADBE Vector Shape - Group","hd":false},{"ty":"fl","c":{"a":0,"k":[1,0,1,1],"ix":4},"o":{"a":0,"k":100,"ix":5},"r":1,"bm":0,"nm":"Fill 1","mn":"ADBE Vector Graphic - Fill","hd":false},{"ty":"tr","p":{"a":0,"k":[89.279,3.321],"ix":2},"a":{"a":0,"k":[0,0],"ix":1},"s":{"a":0,"k":[100,100],"ix":3},"r":{"a":0,"k":0,"ix":6},"o":{"a":0,"k":100,"ix":7},"sk":{"a":0,"k":0,"ix":4},"sa":{"a":0,"k":0,"ix":5},"nm":"Transform"}],"nm":"Group 50","np":2,"cix":2,"bm":0,"ix":50,"mn":"ADBE Vector Group","hd":false},{"ty":"gr","it":[{"ind":0,"ty":"sh","ix":1,"ks":{"a":0,"k":{"i":[[-0.007,0.002],[0.007,-0.002]],"o":[[-0.007,0.002],[0.007,-0.002]],"v":[[0.011,-0.003],[-0.011,0.003]],"c":true},"ix":2},"nm":"Path 1","mn":"ADBE Vector Shape - Group","hd":false},{"ty":"fl","c":{"a":0,"k":[1,0,1,1],"ix":4},"o":{"a":0,"k":100,"ix":5},"r":1,"bm":0,"nm":"Fill 1","mn":"ADBE Vector Graphic - Fill","hd":false},{"ty":"tr","p":{"a":0,"k":[85.35,30.651],"ix":2},"a":{"a":0,"k":[0,0],"ix":1},"s":{"a":0,"k":[100,100],"ix":3},"r":{"a":0,"k":0,"ix":6},"o":{"a":0,"k":100,"ix":7},"sk":{"a":0,"k":0,"ix":4},"sa":{"a":0,"k":0,"ix":5},"nm":"Transform"}],"nm":"Group 51","np":2,"cix":2,"bm":0,"ix":51,"mn":"ADBE Vector Group","hd":false},{"ty":"gr","it":[{"ind":0,"ty":"sh","ix":1,"ks":{"a":0,"k":{"i":[[-0.933,-1.048],[0.623,1.273]],"o":[[-0.931,-1.049],[0.624,1.274]],"v":[[1.174,1.748],[-1.174,-1.748]],"c":true},"ix":2},"nm":"Path 1","mn":"ADBE Vector Shape - Group","hd":false},{"ty":"fl","c":{"a":0,"k":[1,0,1,1],"ix":4},"o":{"a":0,"k":100,"ix":5},"r":1,"bm":0,"nm":"Fill 1","mn":"ADBE Vector Graphic - Fill","hd":false},{"ty":"tr","p":{"a":0,"k":[67.951,24.37],"ix":2},"a":{"a":0,"k":[0,0],"ix":1},"s":{"a":0,"k":[100,100],"ix":3},"r":{"a":0,"k":0,"ix":6},"o":{"a":0,"k":100,"ix":7},"sk":{"a":0,"k":0,"ix":4},"sa":{"a":0,"k":0,"ix":5},"nm":"Transform"}],"nm":"Group 52","np":2,"cix":2,"bm":0,"ix":52,"mn":"ADBE Vector Group","hd":false},{"ty":"gr","it":[{"ind":0,"ty":"sh","ix":1,"ks":{"a":0,"k":{"i":[[-0.135,0.029],[0.137,-0.025]],"o":[[-0.135,0.029],[0.137,-0.025]],"v":[[0.204,-0.039],[-0.204,0.039]],"c":true},"ix":2},"nm":"Path 1","mn":"ADBE Vector Shape - Group","hd":false},{"ty":"fl","c":{"a":0,"k":[1,0,1,1],"ix":4},"o":{"a":0,"k":100,"ix":5},"r":1,"bm":0,"nm":"Fill 1","mn":"ADBE Vector Graphic - Fill","hd":false},{"ty":"tr","p":{"a":0,"k":[83.816,31.032],"ix":2},"a":{"a":0,"k":[0,0],"ix":1},"s":{"a":0,"k":[100,100],"ix":3},"r":{"a":0,"k":0,"ix":6},"o":{"a":0,"k":100,"ix":7},"sk":{"a":0,"k":0,"ix":4},"sa":{"a":0,"k":0,"ix":5},"nm":"Transform"}],"nm":"Group 53","np":2,"cix":2,"bm":0,"ix":53,"mn":"ADBE Vector Group","hd":false},{"ty":"gr","it":[{"ind":0,"ty":"sh","ix":1,"ks":{"a":0,"k":{"i":[[0.488,0.006],[-0.478,-0.049]],"o":[[0.487,0.003],[-0.476,-0.05]],"v":[[-0.724,-0.04],[0.724,0.04]],"c":true},"ix":2},"nm":"Path 1","mn":"ADBE Vector Shape - Group","hd":false},{"ty":"fl","c":{"a":0,"k":[1,0,1,1],"ix":4},"o":{"a":0,"k":100,"ix":5},"r":1,"bm":0,"nm":"Fill 1","mn":"ADBE Vector Graphic - Fill","hd":false},{"ty":"tr","p":{"a":0,"k":[81.657,0.3],"ix":2},"a":{"a":0,"k":[0,0],"ix":1},"s":{"a":0,"k":[100,100],"ix":3},"r":{"a":0,"k":0,"ix":6},"o":{"a":0,"k":100,"ix":7},"sk":{"a":0,"k":0,"ix":4},"sa":{"a":0,"k":0,"ix":5},"nm":"Transform"}],"nm":"Group 54","np":2,"cix":2,"bm":0,"ix":54,"mn":"ADBE Vector Group","hd":false}],"ip":0,"op":201,"st":0,"bm":0},{"ddd":0,"ind":8,"ty":4,"nm":"middle finger","parent":6,"sr":1,"ks":{"o":{"a":0,"k":100,"ix":11},"r":{"a":1,"k":[{"i":{"x":[0.667],"y":[1]},"o":{"x":[0.333],"y":[0]},"n":["0p667_1_0p333_0"],"t":141.571,"s":[-31],"e":[-2]},{"i":{"x":[0.667],"y":[1]},"o":{"x":[0.333],"y":[0]},"n":["0p667_1_0p333_0"],"t":150.5,"s":[-2],"e":[-31]},{"t":163}],"ix":10},"p":{"a":0,"k":[58.795,15.837,0],"ix":2},"a":{"a":0,"k":[73.599,45.044,0],"ix":1},"s":{"a":0,"k":[100,100,100],"ix":6}},"ao":0,"shapes":[{"ty":"gr","it":[{"ind":0,"ty":"sh","ix":1,"ks":{"a":0,"k":{"i":[[0,0],[-8.588,0],[0.001,8.587],[5.12,2.544],[0,0],[0.196,0.08],[0,0],[2.549,-4.804],[-5.417,-2.472],[0,0],[0,0]],"o":[[0,8.587],[8.587,0],[0,-6.104],[0,0],[-0.192,-0.088],[0,0],[-4.967,-2.216],[-2.791,5.26],[0,0],[0,0],[0,0]],"v":[[13.357,14.603],[28.906,30.152],[44.454,14.603],[35.807,0.686],[35.357,0.469],[34.779,0.211],[-28.312,-27.936],[-41.663,-23.339],[-36.821,-9.082],[8.632,11.662],[13.381,13.72]],"c":true},"ix":2},"nm":"Path 1","mn":"ADBE Vector Shape - Group","hd":false},{"ty":"fl","c":{"a":0,"k":[0.948999980852,0.620000023935,0.086000001197,1],"ix":4},"o":{"a":0,"k":100,"ix":5},"r":1,"bm":0,"nm":"Fill 1","mn":"ADBE Vector Graphic - Fill","hd":false},{"ty":"tr","p":{"a":0,"k":[44.704,30.403],"ix":2},"a":{"a":0,"k":[0,0],"ix":1},"s":{"a":0,"k":[100,100],"ix":3},"r":{"a":0,"k":0,"ix":6},"o":{"a":0,"k":100,"ix":7},"sk":{"a":0,"k":0,"ix":4},"sa":{"a":0,"k":0,"ix":5},"nm":"Transform"}],"nm":"Group 1","np":2,"cix":2,"bm":0,"ix":1,"mn":"ADBE Vector Group","hd":false}],"ip":0,"op":201,"st":0,"bm":0},{"ddd":0,"ind":9,"ty":4,"nm":"thumb ","parent":6,"sr":1,"ks":{"o":{"a":0,"k":100,"ix":11},"r":{"a":1,"k":[{"i":{"x":[0.667],"y":[1]},"o":{"x":[0.333],"y":[0]},"n":["0p667_1_0p333_0"],"t":146,"s":[0],"e":[-17]},{"i":{"x":[0.833],"y":[1]},"o":{"x":[0.333],"y":[0]},"n":["0p833_1_0p333_0"],"t":155,"s":[-17],"e":[0]},{"t":168}],"ix":10},"p":{"a":0,"k":[3.889,124.244,0],"ix":2},"a":{"a":0,"k":[35.884,41.819,0],"ix":1},"s":{"a":0,"k":[100,100,100],"ix":6}},"ao":0,"shapes":[{"ty":"gr","it":[{"ind":0,"ty":"sh","ix":1,"ks":{"a":0,"k":{"i":[[0.252,0.862],[1.144,1.313],[0,0],[0,0],[0,0],[4.029,-2.58],[0,0],[-3.083,-4.554],[0,0],[-1.274,-1.117],[-2.414,-0.586],[-1.253,0.077],[-0.906,5.51],[0.056,0.935]],"o":[[-0.505,-1.729],[0,0],[0,0],[0,0],[-3.204,-3.551],[0,0],[-4.632,2.966],[0,0],[0.967,1.428],[1.627,1.8],[1.159,0.281],[5.809,-0.352],[0.146,-0.887],[-0.057,-0.934]],"v":[[23.4,11.186],[20.874,6.586],[20.841,6.551],[20.839,6.529],[-5.491,-22.647],[-18.027,-24.33],[-18.026,-24.33],[-20.85,-10.611],[-0.803,19.003],[2.589,22.815],[8.775,26.511],[12.406,26.833],[23.728,16.615],[23.878,13.881]],"c":true},"ix":2},"nm":"Path 1","mn":"ADBE Vector Shape - Group","hd":false},{"ty":"fl","c":{"a":0,"k":[0.948999980852,0.620000023935,0.086000001197,1],"ix":4},"o":{"a":0,"k":100,"ix":5},"r":1,"bm":0,"nm":"Fill 1","mn":"ADBE Vector Graphic - Fill","hd":false},{"ty":"tr","p":{"a":0,"k":[24.183,27.16],"ix":2},"a":{"a":0,"k":[0,0],"ix":1},"s":{"a":0,"k":[100,100],"ix":3},"r":{"a":0,"k":0,"ix":6},"o":{"a":0,"k":100,"ix":7},"sk":{"a":0,"k":0,"ix":4},"sa":{"a":0,"k":0,"ix":5},"nm":"Transform"}],"nm":"Group 1","np":2,"cix":2,"bm":0,"ix":1,"mn":"ADBE Vector Group","hd":false}],"ip":0,"op":201,"st":0,"bm":0},{"ddd":0,"ind":10,"ty":4,"nm":"eye lids","sr":1,"ks":{"o":{"a":0,"k":100,"ix":11},"r":{"a":0,"k":0,"ix":10},"p":{"a":0,"k":[392.744,346.819,0],"ix":2},"a":{"a":0,"k":[-7.256,-53.181,0],"ix":1},"s":{"a":1,"k":[{"i":{"x":[0.667,0.667,0.667],"y":[1,1,1]},"o":{"x":[0.333,0.333,0.333],"y":[0,0,0]},"n":["0p667_1_0p333_0","0p667_1_0p333_0","0p667_1_0p333_0"],"t":100,"s":[100,0,100],"e":[100,100,100]},{"i":{"x":[0.667,0.667,0.667],"y":[1,1,1]},"o":{"x":[0.333,0.333,0.333],"y":[0,0,0]},"n":["0p667_1_0p333_0","0p667_1_0p333_0","0p667_1_0p333_0"],"t":103,"s":[100,100,100],"e":[100,0,100]},{"t":106}],"ix":6}},"ao":0,"shapes":[{"ty":"gr","it":[{"ind":0,"ty":"sh","ix":1,"ks":{"a":0,"k":{"i":[[0,-18.382],[17.984,0],[0,18.382],[-17.984,0]],"o":[[0,18.382],[-17.984,0],[0,-18.382],[17.984,0]],"v":[[94.281,-19.897],[61.718,13.387],[29.155,-19.897],[61.718,-53.181]],"c":true},"ix":2},"nm":"Path 1","mn":"ADBE Vector Shape - Group","hd":false},{"ty":"fl","c":{"a":0,"k":[1,0.741176486015,0.321568638086,1],"ix":4},"o":{"a":0,"k":100,"ix":5},"r":1,"bm":0,"nm":"Fill 1","mn":"ADBE Vector Graphic - Fill","hd":false},{"ty":"tr","p":{"a":0,"k":[0,0],"ix":2},"a":{"a":0,"k":[0,0],"ix":1},"s":{"a":0,"k":[100,100],"ix":3},"r":{"a":0,"k":0,"ix":6},"o":{"a":0,"k":100,"ix":7},"sk":{"a":0,"k":0,"ix":4},"sa":{"a":0,"k":0,"ix":5},"nm":"Transform"}],"nm":"Group 1","np":2,"cix":2,"bm":0,"ix":1,"mn":"ADBE Vector Group","hd":false},{"ty":"gr","it":[{"ind":0,"ty":"sh","ix":1,"ks":{"a":0,"k":{"i":[[0,-18.382],[17.984,0],[0,18.382],[-17.984,0]],"o":[[0,18.382],[-17.984,0],[0,-18.382],[17.984,0]],"v":[[-43.667,-19.897],[-76.23,13.387],[-108.793,-19.897],[-76.23,-53.181]],"c":true},"ix":2},"nm":"Path 1","mn":"ADBE Vector Shape - Group","hd":false},{"ty":"fl","c":{"a":0,"k":[1,0.741176486015,0.321568638086,1],"ix":4},"o":{"a":0,"k":100,"ix":5},"r":1,"bm":0,"nm":"Fill 1","mn":"ADBE Vector Graphic - Fill","hd":false},{"ty":"tr","p":{"a":0,"k":[0,0],"ix":2},"a":{"a":0,"k":[0,0],"ix":1},"s":{"a":0,"k":[100,100],"ix":3},"r":{"a":0,"k":0,"ix":6},"o":{"a":0,"k":100,"ix":7},"sk":{"a":0,"k":0,"ix":4},"sa":{"a":0,"k":0,"ix":5},"nm":"Transform"}],"nm":"Group 2","np":2,"cix":2,"bm":0,"ix":2,"mn":"ADBE Vector Group","hd":false}],"ip":0,"op":201,"st":0,"bm":0},{"ddd":0,"ind":11,"ty":4,"nm":"eyes-normal","parent":1,"sr":1,"ks":{"o":{"a":0,"k":100,"ix":11},"r":{"a":0,"k":0,"ix":10},"p":{"a":0,"k":[45.873,88.653,0],"ix":2},"a":{"a":0,"k":[-7.238,-19.404,0],"ix":1},"s":{"a":0,"k":[333.333,333.333,100],"ix":6}},"ao":0,"shapes":[{"ty":"gr","it":[{"ind":0,"ty":"sh","ix":1,"ks":{"a":0,"k":{"i":[[0,-9.985],[-9.985,0],[0,9.985],[9.985,0]],"o":[[0,9.985],[9.985,0],[0,-9.985],[-9.985,0]],"v":[[43.899,-19.404],[61.978,-1.324],[80.058,-19.404],[61.978,-37.484]],"c":true},"ix":2},"nm":"Path 1","mn":"ADBE Vector Shape - Group","hd":false},{"ty":"fl","c":{"a":0,"k":[0.015686275437,0.168627455831,0.329411774874,1],"ix":4},"o":{"a":0,"k":100,"ix":5},"r":1,"bm":0,"nm":"Fill 1","mn":"ADBE Vector Graphic - Fill","hd":false},{"ty":"tr","p":{"a":0,"k":[0,0],"ix":2},"a":{"a":0,"k":[0,0],"ix":1},"s":{"a":0,"k":[100,100],"ix":3},"r":{"a":0,"k":0,"ix":6},"o":{"a":0,"k":100,"ix":7},"sk":{"a":0,"k":0,"ix":4},"sa":{"a":0,"k":0,"ix":5},"nm":"Transform"}],"nm":"Group 1","np":2,"cix":2,"bm":0,"ix":1,"mn":"ADBE Vector Group","hd":false},{"ty":"gr","it":[{"ind":0,"ty":"sh","ix":1,"ks":{"a":0,"k":{"i":[[0,-9.985],[-9.985,0],[0,9.985],[9.985,0]],"o":[[0,9.985],[9.985,0],[0,-9.985],[-9.985,0]],"v":[[-94.534,-19.404],[-76.454,-1.324],[-58.375,-19.404],[-76.454,-37.484]],"c":true},"ix":2},"nm":"Path 1","mn":"ADBE Vector Shape - Group","hd":false},{"ty":"fl","c":{"a":0,"k":[0.015686275437,0.168627455831,0.329411774874,1],"ix":4},"o":{"a":0,"k":100,"ix":5},"r":1,"bm":0,"nm":"Fill 1","mn":"ADBE Vector Graphic - Fill","hd":false},{"ty":"tr","p":{"a":0,"k":[0,0],"ix":2},"a":{"a":0,"k":[0,0],"ix":1},"s":{"a":0,"k":[100,100],"ix":3},"r":{"a":0,"k":0,"ix":6},"o":{"a":0,"k":100,"ix":7},"sk":{"a":0,"k":0,"ix":4},"sa":{"a":0,"k":0,"ix":5},"nm":"Transform"}],"nm":"Group 2","np":2,"cix":2,"bm":0,"ix":2,"mn":"ADBE Vector Group","hd":false}],"ip":0,"op":201,"st":0,"bm":0},{"ddd":0,"ind":12,"ty":4,"nm":"eyeballs","sr":1,"ks":{"o":{"a":0,"k":100,"ix":11},"r":{"a":0,"k":0,"ix":10},"p":{"a":0,"k":[392.502,380.286,0],"ix":2},"a":{"a":0,"k":[-7.498,-19.714,0],"ix":1},"s":{"a":0,"k":[100,100,100],"ix":6}},"ao":0,"shapes":[{"ty":"gr","it":[{"ind":0,"ty":"sh","ix":1,"ks":{"a":0,"k":{"i":[[0,-14.978],[-14.978,0],[0,14.978],[14.978,0]],"o":[[0,14.978],[14.978,0],[0,-14.978],[-14.978,0]],"v":[[34.599,-19.714],[61.718,7.406],[88.838,-19.714],[61.718,-46.833]],"c":true},"ix":2},"nm":"Path 1","mn":"ADBE Vector Shape - Group","hd":false},{"ty":"fl","c":{"a":0,"k":[1,1,1,1],"ix":4},"o":{"a":0,"k":100,"ix":5},"r":1,"bm":0,"nm":"Fill 1","mn":"ADBE Vector Graphic - Fill","hd":false},{"ty":"tr","p":{"a":0,"k":[0,0],"ix":2},"a":{"a":0,"k":[0,0],"ix":1},"s":{"a":0,"k":[100,100],"ix":3},"r":{"a":0,"k":0,"ix":6},"o":{"a":0,"k":100,"ix":7},"sk":{"a":0,"k":0,"ix":4},"sa":{"a":0,"k":0,"ix":5},"nm":"Transform"}],"nm":"Group 1","np":2,"cix":2,"bm":0,"ix":1,"mn":"ADBE Vector Group","hd":false},{"ty":"gr","it":[{"ind":0,"ty":"sh","ix":1,"ks":{"a":0,"k":{"i":[[0,-14.978],[-14.978,0],[0,14.978],[14.978,0]],"o":[[0,14.978],[14.978,0],[0,-14.978],[-14.978,0]],"v":[[-103.834,-19.714],[-76.714,7.406],[-49.595,-19.714],[-76.714,-46.833]],"c":true},"ix":2},"nm":"Path 1","mn":"ADBE Vector Shape - Group","hd":false},{"ty":"fl","c":{"a":0,"k":[1,1,1,1],"ix":4},"o":{"a":0,"k":100,"ix":5},"r":1,"bm":0,"nm":"Fill 1","mn":"ADBE Vector Graphic - Fill","hd":false},{"ty":"tr","p":{"a":0,"k":[0,0],"ix":2},"a":{"a":0,"k":[0,0],"ix":1},"s":{"a":0,"k":[100,100],"ix":3},"r":{"a":0,"k":0,"ix":6},"o":{"a":0,"k":100,"ix":7},"sk":{"a":0,"k":0,"ix":4},"sa":{"a":0,"k":0,"ix":5},"nm":"Transform"}],"nm":"Group 2","np":2,"cix":2,"bm":0,"ix":2,"mn":"ADBE Vector Group","hd":false}],"ip":0,"op":201,"st":0,"bm":0},{"ddd":0,"ind":13,"ty":4,"nm":"mouth","sr":1,"ks":{"o":{"a":0,"k":100,"ix":11},"r":{"a":0,"k":0,"ix":10},"p":{"a":0,"k":[394.059,432.643,0],"ix":2},"a":{"a":0,"k":[41.507,28.825,0],"ix":1},"s":{"a":0,"k":[100,100,100],"ix":6}},"ao":0,"shapes":[{"ty":"gr","it":[{"ind":0,"ty":"sh","ix":1,"ks":{"a":0,"k":{"i":[[0,0],[7.215,0],[4.157,2.788]],"o":[[-4.729,4.727],[-5.381,0],[0,0]],"v":[[16.508,-3.825],[-1.969,3.825],[-16.508,-0.589]],"c":false},"ix":2},"nm":"Path 1","mn":"ADBE Vector Shape - Group","hd":false},{"ty":"st","c":{"a":0,"k":[0.016000001571,0.169000004787,0.328999986836,1],"ix":3},"o":{"a":0,"k":100,"ix":4},"w":{"a":0,"k":10,"ix":5},"lc":2,"lj":1,"ml":10,"ml2":{"a":0,"k":10,"ix":8},"bm":0,"nm":"Stroke 1","mn":"ADBE Vector Graphic - Stroke","hd":false},{"ty":"tr","p":{"a":0,"k":[41.507,28.825],"ix":2},"a":{"a":0,"k":[0,0],"ix":1},"s":{"a":0,"k":[100,100],"ix":3},"r":{"a":0,"k":0,"ix":6},"o":{"a":0,"k":100,"ix":7},"sk":{"a":0,"k":0,"ix":4},"sa":{"a":0,"k":0,"ix":5},"nm":"Transform"}],"nm":"Group 1","np":2,"cix":2,"bm":0,"ix":1,"mn":"ADBE Vector Group","hd":false}],"ip":0,"op":201,"st":0,"bm":0},{"ddd":0,"ind":14,"ty":4,"nm":"head","sr":1,"ks":{"o":{"a":0,"k":100,"ix":11},"r":{"a":0,"k":0,"ix":10},"p":{"a":0,"k":[390.817,351.649,0],"ix":2},"a":{"a":0,"k":[188.28,198.224,0],"ix":1},"s":{"a":0,"k":[100,100,100],"ix":6}},"ao":0,"shapes":[{"ty":"gr","it":[{"ind":0,"ty":"sh","ix":1,"ks":{"a":0,"k":{"i":[[0,0],[8.003,-0.649],[-10.415,0.846],[-3.796,-4.741]],"o":[[-3.31,-6.812],[-0.845,-10.414],[6.509,-0.528],[0,0]],"v":[[2.159,15.754],[-16.397,5.161],[0.93,-15.227],[17.242,-8.181]],"c":false},"ix":2},"nm":"Path 1","mn":"ADBE Vector Shape - Group","hd":false},{"ty":"st","c":{"a":0,"k":[0.948999980852,0.620000023935,0.086000001197,1],"ix":3},"o":{"a":0,"k":100,"ix":4},"w":{"a":0,"k":10,"ix":5},"lc":2,"lj":2,"bm":0,"nm":"Stroke 1","mn":"ADBE Vector Graphic - Stroke","hd":false},{"ty":"tr","p":{"a":0,"k":[334.318,225.319],"ix":2},"a":{"a":0,"k":[0,0],"ix":1},"s":{"a":0,"k":[100,100],"ix":3},"r":{"a":0,"k":0,"ix":6},"o":{"a":0,"k":100,"ix":7},"sk":{"a":0,"k":0,"ix":4},"sa":{"a":0,"k":0,"ix":5},"nm":"Transform"}],"nm":"Group 1","np":2,"cix":2,"bm":0,"ix":1,"mn":"ADBE Vector Group","hd":false},{"ty":"gr","it":[{"ind":0,"ty":"sh","ix":1,"ks":{"a":0,"k":{"i":[[0,0],[-8.029,0],[10.449,0],[3.4,-5.033]],"o":[[2.747,-7.058],[0,-10.449],[-6.531,0],[0,0]],"v":[[-0.333,15.489],[17.304,3.43],[-1.615,-15.489],[-17.304,-7.148]],"c":false},"ix":2},"nm":"Path 1","mn":"ADBE Vector Shape - Group","hd":false},{"ty":"st","c":{"a":0,"k":[0.948999980852,0.620000023935,0.086000001197,1],"ix":3},"o":{"a":0,"k":100,"ix":4},"w":{"a":0,"k":10,"ix":5},"lc":2,"lj":2,"bm":0,"nm":"Stroke 1","mn":"ADBE Vector Graphic - Stroke","hd":false},{"ty":"tr","p":{"a":0,"k":[42.304,230.756],"ix":2},"a":{"a":0,"k":[0,0],"ix":1},"s":{"a":0,"k":[100,100],"ix":3},"r":{"a":0,"k":0,"ix":6},"o":{"a":0,"k":100,"ix":7},"sk":{"a":0,"k":0,"ix":4},"sa":{"a":0,"k":0,"ix":5},"nm":"Transform"}],"nm":"Group 2","np":2,"cix":2,"bm":0,"ix":2,"mn":"ADBE Vector Group","hd":false},{"ty":"gr","it":[{"ind":0,"ty":"sh","ix":1,"ks":{"a":0,"k":{"i":[[0,-20.973],[20.973,0],[0,20.973],[-20.973,0]],"o":[[0,20.973],[-20.973,0],[0,-20.973],[20.973,0]],"v":[[37.975,0],[0,37.975],[-37.975,0],[0,-37.975]],"c":true},"ix":2},"nm":"Path 1","mn":"ADBE Vector Shape - Group","hd":false},{"ty":"fl","c":{"a":0,"k":[1,0.741000007181,0.322000002394,1],"ix":4},"o":{"a":0,"k":100,"ix":5},"r":1,"bm":0,"nm":"Fill 1","mn":"ADBE Vector Graphic - Fill","hd":false},{"ty":"tr","p":{"a":0,"k":[336.969,227.444],"ix":2},"a":{"a":0,"k":[0,0],"ix":1},"s":{"a":0,"k":[100,100],"ix":3},"r":{"a":0,"k":0,"ix":6},"o":{"a":0,"k":100,"ix":7},"sk":{"a":0,"k":0,"ix":4},"sa":{"a":0,"k":0,"ix":5},"nm":"Transform"}],"nm":"Group 3","np":2,"cix":2,"bm":0,"ix":3,"mn":"ADBE Vector Group","hd":false},{"ty":"gr","it":[{"ind":0,"ty":"sh","ix":1,"ks":{"a":0,"k":{"i":[[0,-19.506],[19.505,0],[0,19.506],[-19.506,0]],"o":[[0,19.506],[-19.506,0],[0,-19.506],[19.505,0]],"v":[[35.319,0],[0.001,35.319],[-35.319,0],[0.001,-35.319]],"c":true},"ix":2},"nm":"Path 1","mn":"ADBE Vector Shape - Group","hd":false},{"ty":"fl","c":{"a":0,"k":[1,0.741000007181,0.322000002394,1],"ix":4},"o":{"a":0,"k":100,"ix":5},"r":1,"bm":0,"nm":"Fill 1","mn":"ADBE Vector Graphic - Fill","hd":false},{"ty":"tr","p":{"a":0,"k":[40.689,231.964],"ix":2},"a":{"a":0,"k":[0,0],"ix":1},"s":{"a":0,"k":[100,100],"ix":3},"r":{"a":0,"k":0,"ix":6},"o":{"a":0,"k":100,"ix":7},"sk":{"a":0,"k":0,"ix":4},"sa":{"a":0,"k":0,"ix":5},"nm":"Transform"}],"nm":"Group 4","np":2,"cix":2,"bm":0,"ix":4,"mn":"ADBE Vector Group","hd":false},{"ty":"gr","it":[{"ind":0,"ty":"sh","ix":1,"ks":{"a":0,"k":{"i":[[0,21.51],[20.003,3.477],[0,8.078],[30.669,0],[8.884,-6.034],[17.915,0],[7.916,-14.707],[10.894,0],[4.068,-21.701],[0.37,0],[0,-23.887],[-5.135,-7.112],[0,-14.245],[-16.179,-1.696],[0,0],[0,0],[0,0],[-2.868,12.03],[-7.01,0],[-4.435,6.473],[-14.188,0],[-8.377,12.784],[-14.614,0],[-6.738,4.807],[-11.118,-0.052],[0,0],[0,0],[0,0]],"o":[[0,-20.997],[3.103,-6.924],[0,-30.669],[-11.55,0],[-7.899,-14.765],[-17.873,0],[-7.953,-6.243],[-22.882,0],[-0.368,-0.01],[-23.887,0],[0,9.442],[-12.825,4.239],[0,16.629],[0,0],[0,0],[0,0],[12.145,-2.562],[4.483,4.703],[8.439,0],[8.6,9.955],[16.426,0],[7.308,11.477],[8.907,0],[2.999,10.158],[0,0],[0,0],[0,0],[20.724,-2.857]],"v":[[166.44,24.968],[131.223,-16.939],[136.065,-39.61],[80.535,-95.141],[49.376,-85.578],[7.999,-110.391],[-33.324,-85.685],[-62.188,-95.662],[-108.171,-57.536],[-109.276,-57.564],[-152.527,-14.313],[-144.358,10.97],[-166.44,41.529],[-137.65,73.536],[-139.27,99.459],[-123.942,110.391],[-113.72,74.018],[-89.093,50.017],[-71.279,57.656],[-50.96,46.933],[-15.465,63.197],[23.783,41.962],[58.533,61.059],[82.418,53.414],[105.906,71.048],[116.56,102.822],[132.5,94.413],[129.752,67.106]],"c":true},"ix":2},"nm":"Path 1","mn":"ADBE Vector Shape - Group","hd":false},{"ty":"fl","c":{"a":0,"k":[0.016000001571,0.169000004787,0.328999986836,1],"ix":4},"o":{"a":0,"k":100,"ix":5},"r":1,"bm":0,"nm":"Fill 1","mn":"ADBE Vector Graphic - Fill","hd":false},{"ty":"tr","p":{"a":0,"k":[193.17,110.641],"ix":2},"a":{"a":0,"k":[0,0],"ix":1},"s":{"a":0,"k":[100,100],"ix":3},"r":{"a":0,"k":0,"ix":6},"o":{"a":0,"k":100,"ix":7},"sk":{"a":0,"k":0,"ix":4},"sa":{"a":0,"k":0,"ix":5},"nm":"Transform"}],"nm":"Group 5","np":2,"cix":2,"bm":0,"ix":5,"mn":"ADBE Vector Group","hd":false},{"ty":"gr","it":[{"ind":0,"ty":"sh","ix":1,"ks":{"a":0,"k":{"i":[[0,0],[2.683,0],[10.869,1.455]],"o":[[-2.663,0.084],[-11.269,0],[0,0]],"v":[[20.626,0.976],[12.604,1.103],[-20.626,-1.103]],"c":false},"ix":2},"nm":"Path 1","mn":"ADBE Vector Shape - Group","hd":false},{"ty":"st","c":{"a":0,"k":[0.948999980852,0.620000023935,0.086000001197,1],"ix":3},"o":{"a":0,"k":100,"ix":4},"w":{"a":0,"k":10,"ix":5},"lc":2,"lj":2,"bm":0,"nm":"Stroke 1","mn":"ADBE Vector Graphic - Stroke","hd":false},{"ty":"tr","p":{"a":0,"k":[183.352,370.345],"ix":2},"a":{"a":0,"k":[0,0],"ix":1},"s":{"a":0,"k":[100,100],"ix":3},"r":{"a":0,"k":0,"ix":6},"o":{"a":0,"k":100,"ix":7},"sk":{"a":0,"k":0,"ix":4},"sa":{"a":0,"k":0,"ix":5},"nm":"Transform"}],"nm":"Group 6","np":2,"cix":2,"bm":0,"ix":6,"mn":"ADBE Vector Group","hd":false},{"ty":"gr","it":[{"ind":0,"ty":"sh","ix":1,"ks":{"a":0,"k":{"i":[[0,0],[0,0],[-4.096,26.915],[0,0],[0,0],[0,0],[26.393,-5.491],[0,0]],"o":[[0,0],[-26.153,-7.566],[0,0],[0,0],[0,0],[1.66,26.907],[0,0],[0,0]],"v":[[-17.409,114.613],[-94.802,92.021],[-133.35,31.759],[-111.076,-114.613],[126.903,-103.681],[135.785,40.334],[92.698,96.774],[12.591,113.613]],"c":true},"ix":2},"nm":"Path 1","mn":"ADBE Vector Shape - Group","hd":false},{"ty":"fl","c":{"a":0,"k":[1,0.741000007181,0.322000002394,1],"ix":4},"o":{"a":0,"k":100,"ix":5},"r":1,"bm":0,"nm":"Fill 1","mn":"ADBE Vector Graphic - Fill","hd":false},{"ty":"tr","p":{"a":0,"k":[187.872,259.962],"ix":2},"a":{"a":0,"k":[0,0],"ix":1},"s":{"a":0,"k":[100,100],"ix":3},"r":{"a":0,"k":0,"ix":6},"o":{"a":0,"k":100,"ix":7},"sk":{"a":0,"k":0,"ix":4},"sa":{"a":0,"k":0,"ix":5},"nm":"Transform"}],"nm":"Group 7","np":2,"cix":2,"bm":0,"ix":7,"mn":"ADBE Vector Group","hd":false},{"ty":"gr","it":[{"ind":0,"ty":"sh","ix":1,"ks":{"a":0,"k":{"i":[[0,-15.59],[15.59,0],[0,15.59],[-15.589,0]],"o":[[0,15.59],[-15.589,0],[0,-15.59],[15.59,0]],"v":[[28.229,0],[0,28.229],[-28.228,0],[0,-28.229]],"c":true},"ix":2},"nm":"Path 1","mn":"ADBE Vector Shape - Group","hd":false},{"ty":"fl","c":{"a":0,"k":[0.016000001571,0.169000004787,0.328999986836,1],"ix":4},"o":{"a":0,"k":100,"ix":5},"r":1,"bm":0,"nm":"Fill 1","mn":"ADBE Vector Graphic - Fill","hd":false},{"ty":"tr","p":{"a":0,"k":[326.975,190.72],"ix":2},"a":{"a":0,"k":[0,0],"ix":1},"s":{"a":0,"k":[100,100],"ix":3},"r":{"a":0,"k":0,"ix":6},"o":{"a":0,"k":100,"ix":7},"sk":{"a":0,"k":0,"ix":4},"sa":{"a":0,"k":0,"ix":5},"nm":"Transform"}],"nm":"Group 8","np":2,"cix":2,"bm":0,"ix":8,"mn":"ADBE Vector Group","hd":false},{"ty":"gr","it":[{"ind":0,"ty":"sh","ix":1,"ks":{"a":0,"k":{"i":[[0,-17.647],[17.647,0],[0,17.647],[-17.647,0]],"o":[[0,17.647],[-17.647,0],[0,-17.647],[17.647,0]],"v":[[31.952,0],[-0.001,31.953],[-31.952,0],[-0.001,-31.953]],"c":true},"ix":2},"nm":"Path 1","mn":"ADBE Vector Shape - Group","hd":false},{"ty":"fl","c":{"a":0,"k":[0.016000001571,0.169000004787,0.328999986836,1],"ix":4},"o":{"a":0,"k":100,"ix":5},"r":1,"bm":0,"nm":"Fill 1","mn":"ADBE Vector Graphic - Fill","hd":false},{"ty":"tr","p":{"a":0,"k":[73.822,196.687],"ix":2},"a":{"a":0,"k":[0,0],"ix":1},"s":{"a":0,"k":[100,100],"ix":3},"r":{"a":0,"k":0,"ix":6},"o":{"a":0,"k":100,"ix":7},"sk":{"a":0,"k":0,"ix":4},"sa":{"a":0,"k":0,"ix":5},"nm":"Transform"}],"nm":"Group 9","np":2,"cix":2,"bm":0,"ix":9,"mn":"ADBE Vector Group","hd":false}],"ip":0,"op":201,"st":0,"bm":0},{"ddd":0,"ind":15,"ty":4,"nm":"body","sr":1,"ks":{"o":{"a":0,"k":100,"ix":11},"r":{"a":0,"k":0,"ix":10},"p":{"a":0,"k":[395.504,578.197,0],"ix":2},"a":{"a":0,"k":[239.412,78.447,0],"ix":1},"s":{"a":0,"k":[100,100,100],"ix":6}},"ao":0,"shapes":[{"ty":"gr","it":[{"ind":0,"ty":"sh","ix":1,"ks":{"a":0,"k":{"i":[[66.418,58.046],[-85.395,-30.139],[0,0]],"o":[[0,0],[0,0],[0,0]],"v":[[-90.139,-54.419],[90.139,42.697],[80.092,54.419]],"c":true},"ix":2},"nm":"Path 1","mn":"ADBE Vector Shape - Group","hd":false},{"ty":"fl","c":{"a":0,"k":[0.277999997606,0.596000043084,0.219999994016,1],"ix":4},"o":{"a":0,"k":100,"ix":5},"r":1,"bm":0,"nm":"Fill 1","mn":"ADBE Vector Graphic - Fill","hd":false},{"ty":"tr","p":{"a":0,"k":[90.389,102.225],"ix":2},"a":{"a":0,"k":[0,0],"ix":1},"s":{"a":0,"k":[100,100],"ix":3},"r":{"a":0,"k":0,"ix":6},"o":{"a":0,"k":100,"ix":7},"sk":{"a":0,"k":0,"ix":4},"sa":{"a":0,"k":0,"ix":5},"nm":"Transform"}],"nm":"Group 1","np":2,"cix":2,"bm":0,"ix":1,"mn":"ADBE Vector Group","hd":false},{"ty":"gr","it":[{"ind":0,"ty":"sh","ix":1,"ks":{"a":0,"k":{"i":[[0,0],[0,0],[0,0]],"o":[[0,0],[0,0],[0,0]],"v":[[-93.767,17.86],[94.883,-29.581],[-94.884,29.581]],"c":true},"ix":2},"nm":"Path 1","mn":"ADBE Vector Shape - Group","hd":false},{"ty":"fl","c":{"a":0,"k":[0.277999997606,0.596000043084,0.219999994016,1],"ix":4},"o":{"a":0,"k":100,"ix":5},"r":1,"bm":0,"nm":"Fill 1","mn":"ADBE Vector Graphic - Fill","hd":false},{"ty":"tr","p":{"a":0,"k":[383.691,122.412],"ix":2},"a":{"a":0,"k":[0,0],"ix":1},"s":{"a":0,"k":[100,100],"ix":3},"r":{"a":0,"k":0,"ix":6},"o":{"a":0,"k":100,"ix":7},"sk":{"a":0,"k":0,"ix":4},"sa":{"a":0,"k":0,"ix":5},"nm":"Transform"}],"nm":"Group 2","np":2,"cix":2,"bm":0,"ix":2,"mn":"ADBE Vector Group","hd":false},{"ty":"gr","it":[{"ind":0,"ty":"sh","ix":1,"ks":{"a":0,"k":{"i":[[0,0],[0,0],[-20.666,0],[0,0],[0,20.666],[0,0]],"o":[[0,0],[0,20.666],[0,0],[20.666,0],[0,0],[0,0]],"v":[[-37.421,-44.209],[-37.421,6.789],[-0.001,44.209],[0,44.209],[37.421,6.789],[37.421,-40.209]],"c":true},"ix":2},"nm":"Path 1","mn":"ADBE Vector Shape - Group","hd":false},{"ty":"fl","c":{"a":0,"k":[1,0.741000007181,0.322000002394,1],"ix":4},"o":{"a":0,"k":100,"ix":5},"r":1,"bm":0,"nm":"Fill 1","mn":"ADBE Vector Graphic - Fill","hd":false},{"ty":"tr","p":{"a":0,"k":[228.776,44.459],"ix":2},"a":{"a":0,"k":[0,0],"ix":1},"s":{"a":0,"k":[100,100],"ix":3},"r":{"a":0,"k":0,"ix":6},"o":{"a":0,"k":100,"ix":7},"sk":{"a":0,"k":0,"ix":4},"sa":{"a":0,"k":0,"ix":5},"nm":"Transform"}],"nm":"Group 3","np":2,"cix":2,"bm":0,"ix":3,"mn":"ADBE Vector Group","hd":false},{"ty":"gr","it":[{"ind":0,"ty":"sh","ix":1,"ks":{"a":0,"k":{"i":[[0,0],[0,0],[9.598,-13.731],[0,0],[0,0],[0,0],[17.213,4.416],[0,0]],"o":[[0,0],[-16.32,3.785],[0,0],[0,0],[0,0],[-9.186,-15.212],[0,0],[0,0]],"v":[[-31.78,-49.122],[-88.667,-35.934],[-128.925,-8.725],[-169.354,49.122],[169.354,49.122],[136.636,-5.059],[95.445,-35.684],[43.061,-49.122]],"c":false},"ix":2},"nm":"Path 1","mn":"ADBE Vector Shape - Group","hd":false},{"ty":"fl","c":{"a":0,"k":[0.929000016755,0.238999998803,0.325,1],"ix":4},"o":{"a":0,"k":100,"ix":5},"r":1,"bm":0,"nm":"Fill 1","mn":"ADBE Vector Graphic - Fill","hd":false},{"ty":"tr","p":{"a":0,"k":[223.135,100.369],"ix":2},"a":{"a":0,"k":[0,0],"ix":1},"s":{"a":0,"k":[100,100],"ix":3},"r":{"a":0,"k":0,"ix":6},"o":{"a":0,"k":100,"ix":7},"sk":{"a":0,"k":0,"ix":4},"sa":{"a":0,"k":0,"ix":5},"nm":"Transform"}],"nm":"Group 4","np":2,"cix":2,"bm":0,"ix":4,"mn":"ADBE Vector Group","hd":false}],"ip":0,"op":201,"st":0,"bm":0},{"ddd":0,"ind":16,"ty":4,"nm":"background ","sr":1,"ks":{"o":{"a":0,"k":100,"ix":11},"r":{"a":0,"k":0,"ix":10},"p":{"a":0,"k":[392.097,364.316,0],"ix":2},"a":{"a":0,"k":[348.347,262.934,0],"ix":1},"s":{"a":0,"k":[100,100,100],"ix":6}},"ao":0,"shapes":[{"ty":"gr","it":[{"ind":0,"ty":"sh","ix":1,"ks":{"a":0,"k":{"i":[[2.654,0.029],[0.409,0],[7.45,-11.665],[0.977,-2.133],[1.627,22.849],[0.031,0.449],[-0.379,0],[-13.665,17.322],[-0.054,0.522],[2.62,0.421],[9.049,-11.591],[0.895,-1.377],[-0.872,6.75],[-6.907,12.347],[15.465,29.28],[1.278,0.387],[1.175,-0.637],[8.514,-14.775],[-7.17,-18.699],[0.681,-21.269],[2.31,2.289],[30.164,-8.113],[-0.454,-2.553],[-16.333,-11.372],[-13.866,0],[-4.734,0.645],[-0.497,-8.531],[-0.001,-0.012],[-0.16,-2.267],[-1.521,-11.335],[19.268,-1.117],[0.462,-0.307],[0.26,-1.305],[-0.742,-1.105],[-15.574,0],[-0.533,0.011],[-5.411,1.81],[-4.596,-15.848],[-0.241,-0.499],[-2.986,-8.213],[5.975,1.783],[25.816,-16.597],[0.213,-1.423],[-0.929,-1.1],[-16.864,-6.399],[-8.921,0],[-15.528,9.766],[-9.725,-15.52],[-1.665,0],[-0.825,0.516],[1.466,2.34],[6.991,16.829],[0.946,0.949],[3.146,10.185],[-10.127,10.788],[0.033,0.751]],"o":[[-0.414,-0.004],[-31.798,0],[-1.4,2.191],[-7.215,-29.502],[-0.033,-0.451],[0.375,0.004],[17.127,0],[9.373,-11.882],[0.274,-2.639],[-31.237,-5.017],[-1.07,1.369],[-0.482,-32.697],[3.826,-3.053],[8.201,-14.662],[-0.624,-1.182],[-1.276,-0.387],[-0.499,0.271],[-13.758,23.873],[-0.598,4.347],[-1.707,-2.323],[-10.225,-10.131],[-2.504,0.674],[0.128,0.717],[9.464,6.589],[4.327,0],[0.104,7.598],[0,0.012],[0.129,2.211],[0.695,9.816],[-11.276,-10.209],[-15.994,0.934],[-1.109,0.736],[-0.26,1.306],[15.704,23.352],[0.548,0],[10.047,-0.229],[2.662,14.748],[0.065,0.555],[2.382,8.096],[-4.351,-2.182],[-16.245,-4.85],[-1.211,0.778],[-0.214,1.423],[0.407,0.481],[6.253,2.373],[11.943,0],[6.867,16.028],[0.95,1.514],[0.907,0],[2.34,-1.467],[-10.193,-16.266],[0.018,-1.353],[-4.153,-10.301],[19.455,-1.447],[13.826,-14.73],[-0.117,-2.652]],"v":[[74.419,43.104],[73.188,43.097],[18.395,68.568],[14.855,75.083],[2.459,-4.946],[2.366,-6.294],[3.484,-6.276],[55.13,-27.837],[65.941,-52.638],[61.76,-58.092],[4.126,-38.755],[1.188,-34.626],[4.247,-97.655],[24.076,-121.101],[23.343,-188.667],[20.37,-191.118],[16.538,-190.728],[-4.294,-169.155],[-5.562,-99.794],[-8.624,-59.784],[-14.628,-66.768],[-73.539,-79.161],[-77.163,-73.457],[-57.518,-44.4],[-22.437,-34.502],[-8.839,-35.476],[-7.965,-11.245],[-7.964,-11.209],[-7.536,-4.503],[-4.277,27.342],[-50.117,9.788],[-77.611,18.246],[-79.749,21.436],[-78.995,25.202],[-26.535,53.685],[-24.913,53.667],[-0.816,49.383],[9.96,95.485],[10.421,97.071],[18.46,121.558],[2.878,115.36],[-63.967,124.81],[-66.208,128.274],[-65.083,132.243],[-38.059,150.513],[-15.16,154.729],[26.398,141.636],[51.149,189.16],[55.391,191.505],[58.041,190.742],[59.623,183.849],[33.993,133.959],[32.537,130.362],[21.62,99.579],[66.184,81.18],[79.358,47.884]],"c":true},"ix":2},"nm":"Path 1","mn":"ADBE Vector Shape - Group","hd":false},{"ty":"fl","c":{"a":0,"k":[0.948999980852,0.944999964097,0.961000031116,1],"ix":4},"o":{"a":0,"k":100,"ix":5},"r":1,"bm":0,"nm":"Fill 1","mn":"ADBE Vector Graphic - Fill","hd":false},{"ty":"tr","p":{"a":0,"k":[80.259,260.739],"ix":2},"a":{"a":0,"k":[0,0],"ix":1},"s":{"a":0,"k":[100,100],"ix":3},"r":{"a":0,"k":0,"ix":6},"o":{"a":0,"k":100,"ix":7},"sk":{"a":0,"k":0,"ix":4},"sa":{"a":0,"k":0,"ix":5},"nm":"Transform"}],"nm":"Group 1","np":2,"cix":2,"bm":0,"ix":1,"mn":"ADBE Vector Group","hd":false},{"ty":"gr","it":[{"ind":0,"ty":"sh","ix":1,"ks":{"a":0,"k":{"i":[[-4.368,27.204],[0.217,0.524],[1.237,0.506],[1.229,-0.524],[2.875,-16.552],[-1.046,-4.782],[32.672,-34.885],[72.744,-24.836],[-0.893,-2.614],[-2.08,0],[-0.535,0.182],[-35.244,37.634],[-6.14,7.353],[-15.089,-1.115],[-1.17,0],[-0.518,0.446],[1.52,2.102],[14.326,-1.418],[2.789,-0.728],[-2.276,3.751]],"o":[[2.704,-16.838],[-0.51,-1.235],[-1.235,-0.504],[-30.463,12.983],[-2.421,13.939],[-4.568,7.4],[-34.467,36.803],[-2.614,0.893],[0.709,2.077],[0.536,0],[74.697,-25.504],[7.558,-8.07],[13.74,14.648],[1.222,0.091],[17.833,0],[1.962,-1.697],[-18.303,-25.314],[-3.237,0.321],[12.879,-16.942],[17.352,-9.997]],"v":[[136.72,-105.191],[134.147,-135.069],[131.417,-137.789],[127.566,-137.76],[84.406,-85.77],[85.021,-55.069],[28.151,17.837],[-135.415,128.56],[-138.531,134.908],[-133.8,138.293],[-132.184,138.024],[35.449,24.673],[55.99,1.444],[99.401,25.207],[102.989,25.34],[132.967,15.034],[133.749,8.321],[80.204,-19.193],[71.14,-17.556],[93.984,-50.547]],"c":true},"ix":2},"nm":"Path 1","mn":"ADBE Vector Shape - Group","hd":false},{"ty":"fl","c":{"a":0,"k":[0.948999980852,0.944999964097,0.961000031116,1],"ix":4},"o":{"a":0,"k":100,"ix":5},"r":1,"bm":0,"nm":"Fill 1","mn":"ADBE Vector Graphic - Fill","hd":false},{"ty":"tr","p":{"a":0,"k":[416.351,150.845],"ix":2},"a":{"a":0,"k":[0,0],"ix":1},"s":{"a":0,"k":[100,100],"ix":3},"r":{"a":0,"k":0,"ix":6},"o":{"a":0,"k":100,"ix":7},"sk":{"a":0,"k":0,"ix":4},"sa":{"a":0,"k":0,"ix":5},"nm":"Transform"}],"nm":"Group 2","np":2,"cix":2,"bm":0,"ix":2,"mn":"ADBE Vector Group","hd":false},{"ty":"gr","it":[{"ind":0,"ty":"sh","ix":1,"ks":{"a":0,"k":{"i":[[0,0],[0,0],[0.511,2.396],[12.415,27.281],[3.261,-0.825],[0,0],[0,0],[1.551,2.695],[25.954,21.221],[2.06,-2.332],[0,0],[0,0],[1.755,1.123],[19.764,6.914],[0.29,-3.731],[-2.221,-30.447],[-2.619,-0.838],[0,0],[0,0],[-0.458,-3.863],[-10.442,-29.236],[-2.198,0.147],[0,0],[0,0],[-0.997,-2.273],[0,0],[-20.488,-22.965],[-2.705,0.879],[0,0],[0,0],[-2.443,-2.386],[0,0],[0,0],[7.16,45.519],[3.539,-0.199]],"o":[[0,0],[1.815,-1.647],[-5.404,-25.307],[-1.393,-3.062],[0,0],[0,0],[2.17,-2.226],[-15.291,-26.572],[-2.408,-1.97],[0,0],[0,0],[0.124,-2.08],[-15.825,-10.124],[-3.532,-1.235],[-0.89,11.468],[0.2,2.742],[0,0],[0,0],[-3.885,0.192],[3.116,26.259],[0.74,2.075],[0,0],[0,0],[-2.138,1.261],[0,0],[13.052,29.727],[1.894,2.122],[0,0],[0,0],[-1.844,2.875],[30.879,30.174],[0,0],[0,0],[-0.551,-3.501],[-7.131,0.402]],"v":[[71.005,68.29],[85.401,55.23],[87.523,48.704],[61.501,-31.566],[53.474,-35.446],[25.332,-28.326],[46.651,-50.199],[47.686,-58.516],[-13.484,-131.571],[-21.491,-130.925],[-35.331,-115.262],[-33.68,-142.904],[-36.305,-148.105],[-89.574,-173.878],[-97.142,-168.923],[-97.019,-102.849],[-92.355,-96.915],[-71.882,-90.357],[-88.677,-89.524],[-95.033,-82.034],[-75.648,2.837],[-70.666,6.086],[-43.445,4.265],[-65.478,17.251],[-67.477,23.442],[-67.459,23.482],[-14.004,103.437],[-6.426,105.463],[20.299,96.773],[7.044,117.454],[8.074,126.498],[65.828,175.113],[97.612,151.85],[92.081,73.342],[84.866,67.523]],"c":true},"ix":2},"nm":"Path 1","mn":"ADBE Vector Shape - Group","hd":false},{"ty":"fl","c":{"a":0,"k":[0.948999980852,0.944999964097,0.961000031116,1],"ix":4},"o":{"a":0,"k":100,"ix":5},"r":1,"bm":0,"nm":"Fill 1","mn":"ADBE Vector Graphic - Fill","hd":false},{"ty":"tr","p":{"a":0,"k":[262.225,175.364],"ix":2},"a":{"a":0,"k":[0,0],"ix":1},"s":{"a":0,"k":[100,100],"ix":3},"r":{"a":0,"k":0,"ix":6},"o":{"a":0,"k":100,"ix":7},"sk":{"a":0,"k":0,"ix":4},"sa":{"a":0,"k":0,"ix":5},"nm":"Transform"}],"nm":"Group 3","np":2,"cix":2,"bm":0,"ix":3,"mn":"ADBE Vector Group","hd":false},{"ty":"gr","it":[{"ind":0,"ty":"sh","ix":1,"ks":{"a":0,"k":{"i":[[0,0],[-27.308,13.287],[-26.902,24.821],[-8.144,-17.463],[13.315,-27.385],[12.486,-24.314],[10.547,-19.563],[33.845,-33.1],[24,-16],[0,0]],"o":[[30.642,-18.32],[27.308,-13.288],[26.903,-24.819],[12.033,25.807],[-13.314,27.385],[-12.487,24.312],[-10.547,19.564],[-9.429,9.221],[0,0],[0,0]],"v":[[-59.448,-28.243],[-15.737,-94.224],[54.409,-89.592],[122.564,-98.346],[82.001,-37.118],[71.852,23.743],[18.898,45.382],[-7.168,106.588],[-70.596,110.809],[-134.596,29.809]],"c":true},"ix":2},"nm":"Path 1","mn":"ADBE Vector Shape - Group","hd":false},{"ty":"fl","c":{"a":0,"k":[0.948999980852,0.944999964097,0.961000031116,1],"ix":4},"o":{"a":0,"k":100,"ix":5},"r":1,"bm":0,"nm":"Fill 1","mn":"ADBE Vector Graphic - Fill","hd":false},{"ty":"tr","p":{"a":0,"k":[561.847,301.809],"ix":2},"a":{"a":0,"k":[0,0],"ix":1},"s":{"a":0,"k":[100,100],"ix":3},"r":{"a":0,"k":0,"ix":6},"o":{"a":0,"k":100,"ix":7},"sk":{"a":0,"k":0,"ix":4},"sa":{"a":0,"k":0,"ix":5},"nm":"Transform"}],"nm":"Group 4","np":2,"cix":2,"bm":0,"ix":4,"mn":"ADBE Vector Group","hd":false},{"ty":"gr","it":[{"ind":0,"ty":"sh","ix":1,"ks":{"a":0,"k":{"i":[[0,0],[55,-11],[0,0],[0,0],[15.888,-9.93],[-28,26],[0,0]],"o":[[0.678,2.976],[0,0],[0,0],[0,0],[-9.981,6.238],[21.499,-19.963],[0,0]],"v":[[-134.617,-86.791],[-206.444,-4.209],[-135.444,86.791],[156.653,63.627],[190.556,-3.209],[137.556,-26.209],[128.751,-86.488]],"c":true},"ix":2},"nm":"Path 1","mn":"ADBE Vector Shape - Group","hd":false},{"ty":"fl","c":{"a":0,"k":[0.948999980852,0.944999964097,0.961000031116,1],"ix":4},"o":{"a":0,"k":100,"ix":5},"r":1,"bm":0,"nm":"Fill 1","mn":"ADBE Vector Graphic - Fill","hd":false},{"ty":"tr","p":{"a":0,"k":[353.693,438.827],"ix":2},"a":{"a":0,"k":[0,0],"ix":1},"s":{"a":0,"k":[100,100],"ix":3},"r":{"a":0,"k":0,"ix":6},"o":{"a":0,"k":100,"ix":7},"sk":{"a":0,"k":0,"ix":4},"sa":{"a":0,"k":0,"ix":5},"nm":"Transform"}],"nm":"Group 5","np":2,"cix":2,"bm":0,"ix":5,"mn":"ADBE Vector Group","hd":false},{"ty":"gr","it":[{"ind":0,"ty":"sh","ix":1,"ks":{"a":0,"k":{"i":[[10.039,-13.103],[52.413,-24.943],[0,0],[0,0],[-68.217,30.613]],"o":[[-19.138,24.978],[0,0],[0,0],[0,0],[9.421,-4.227]],"v":[[80.45,-55.644],[-28.862,41.12],[-90.489,71.305],[-81.489,32.305],[76.111,-67.079]],"c":true},"ix":2},"nm":"Path 1","mn":"ADBE Vector Shape - Group","hd":false},{"ty":"fl","c":{"a":0,"k":[0.948999980852,0.944999964097,0.961000031116,1],"ix":4},"o":{"a":0,"k":100,"ix":5},"r":1,"bm":0,"nm":"Fill 1","mn":"ADBE Vector Graphic - Fill","hd":false},{"ty":"tr","p":{"a":0,"k":[599.739,422.313],"ix":2},"a":{"a":0,"k":[0,0],"ix":1},"s":{"a":0,"k":[100,100],"ix":3},"r":{"a":0,"k":0,"ix":6},"o":{"a":0,"k":100,"ix":7},"sk":{"a":0,"k":0,"ix":4},"sa":{"a":0,"k":0,"ix":5},"nm":"Transform"}],"nm":"Group 6","np":2,"cix":2,"bm":0,"ix":6,"mn":"ADBE Vector Group","hd":false}],"ip":0,"op":201,"st":0,"bm":0}],"markers":[]}