{"v":"5.4.3","fr":25,"ip":0,"op":201,"w":800,"h":800,"nm":"02","ddd":0,"assets":[],"layers":[{"ddd":0,"ind":1,"ty":4,"nm":"table ","sr":1,"ks":{"o":{"a":0,"k":100,"ix":11},"r":{"a":0,"k":0,"ix":10},"p":{"a":0,"k":[588.605,677.082,0],"ix":2},"a":{"a":0,"k":[532.25,172.714,0],"ix":1},"s":{"a":0,"k":[100,100,100],"ix":6}},"ao":0,"shapes":[{"ty":"gr","it":[{"ind":0,"ty":"sh","ix":1,"ks":{"a":0,"k":{"i":[[0,0],[-1.116,-3.247],[-6.978,0],[-2.388,6.945],[3.077,0]],"o":[[-3.077,0],[2.388,6.945],[6.977,0],[1.116,-3.247],[0,0]],"v":[[-11.227,-9.311],[-15.327,-2.557],[0.001,9.311],[15.328,-2.557],[11.228,-9.311]],"c":true},"ix":2},"nm":"Path 1","mn":"ADBE Vector Shape - Group","hd":false},{"ty":"mm","mm":4,"nm":"Merge Paths 1","mn":"ADBE Vector Filter - Merge","hd":false},{"ty":"fl","c":{"a":0,"k":[0.811999990426,0.795999983245,0.834999952129,1],"ix":4},"o":{"a":0,"k":100,"ix":5},"r":1,"bm":0,"nm":"Fill 1","mn":"ADBE Vector Graphic - Fill","hd":false},{"ty":"tr","p":{"a":0,"k":[257.588,86.341],"ix":2},"a":{"a":0,"k":[0,0],"ix":1},"s":{"a":0,"k":[100,100],"ix":3},"r":{"a":0,"k":0,"ix":6},"o":{"a":0,"k":100,"ix":7},"sk":{"a":0,"k":0,"ix":4},"sa":{"a":0,"k":0,"ix":5},"nm":"Transform"}],"nm":"Group 1","np":3,"cix":2,"bm":0,"ix":1,"mn":"ADBE Vector Group","hd":false},{"ty":"gr","it":[{"ind":0,"ty":"sh","ix":1,"ks":{"a":0,"k":{"i":[[5.192,0],[0,0],[0,5.193],[-5.194,0],[0,0],[0,-5.194]],"o":[[0,0],[-5.194,0],[0,-5.194],[0,0],[5.192,0],[0,5.193]],"v":[[330.598,9.404],[-330.596,9.404],[-340,0.001],[-330.596,-9.404],[330.598,-9.404],[340,0.001]],"c":true},"ix":2},"nm":"Path 1","mn":"ADBE Vector Shape - Group","hd":false},{"ty":"fl","c":{"a":0,"k":[0.948999980852,0.944999964097,0.961000031116,1],"ix":4},"o":{"a":0,"k":100,"ix":5},"r":1,"bm":0,"nm":"Fill 1","mn":"ADBE Vector Graphic - Fill","hd":false},{"ty":"tr","p":{"a":0,"k":[340.25,183.774],"ix":2},"a":{"a":0,"k":[0,0],"ix":1},"s":{"a":0,"k":[100,100],"ix":3},"r":{"a":0,"k":0,"ix":6},"o":{"a":0,"k":100,"ix":7},"sk":{"a":0,"k":0,"ix":4},"sa":{"a":0,"k":0,"ix":5},"nm":"Transform"}],"nm":"Group 2","np":2,"cix":2,"bm":0,"ix":2,"mn":"ADBE Vector Group","hd":false},{"ty":"gr","it":[{"ind":0,"ty":"sh","ix":1,"ks":{"a":0,"k":{"i":[[12.464,0],[0,0],[0,12.462],[0,0],[-12.463,0],[0,0],[0,-12.463],[0,0]],"o":[[0,0],[-12.463,0],[0,0],[0,-12.463],[0,0],[12.464,0],[0,0],[0,12.462]],"v":[[76.125,87.18],[-76.125,87.18],[-98.692,64.614],[-98.692,-64.614],[-76.125,-87.18],[76.125,-87.18],[98.692,-64.614],[98.692,64.614]],"c":true},"ix":2},"nm":"Path 1","mn":"ADBE Vector Shape - Group","hd":false},{"ty":"mm","mm":4,"nm":"Merge Paths 1","mn":"ADBE Vector Filter - Merge","hd":false},{"ty":"fl","c":{"a":0,"k":[0.877999997606,0.870999983245,0.905999995213,1],"ix":4},"o":{"a":0,"k":100,"ix":5},"r":1,"bm":0,"nm":"Fill 1","mn":"ADBE Vector Graphic - Fill","hd":false},{"ty":"tr","p":{"a":0,"k":[257.547,87.43],"ix":2},"a":{"a":0,"k":[0,0],"ix":1},"s":{"a":0,"k":[100,100],"ix":3},"r":{"a":0,"k":0,"ix":6},"o":{"a":0,"k":100,"ix":7},"sk":{"a":0,"k":0,"ix":4},"sa":{"a":0,"k":0,"ix":5},"nm":"Transform"}],"nm":"Group 3","np":3,"cix":2,"bm":0,"ix":3,"mn":"ADBE Vector Group","hd":false},{"ty":"gr","it":[{"ind":0,"ty":"sh","ix":1,"ks":{"a":0,"k":{"i":[[12.463,0],[0,0],[0,12.462],[0,0],[-12.463,0],[0,0],[0,-12.463],[0,0]],"o":[[0,0],[-12.463,0],[0,0],[0,-12.463],[0,0],[12.463,0],[0,0],[0,12.462]],"v":[[76.125,87.18],[-76.125,87.18],[-98.692,64.614],[-98.692,-64.614],[-76.125,-87.18],[76.125,-87.18],[98.692,-64.614],[98.692,64.614]],"c":true},"ix":2},"nm":"Path 1","mn":"ADBE Vector Shape - Group","hd":false},{"ty":"mm","mm":4,"nm":"Merge Paths 1","mn":"ADBE Vector Filter - Merge","hd":false},{"ty":"fl","c":{"a":0,"k":[0.808000033509,0.804000016755,0.827000038297,1],"ix":4},"o":{"a":0,"k":100,"ix":5},"r":1,"bm":0,"nm":"Fill 1","mn":"ADBE Vector Graphic - Fill","hd":false},{"ty":"tr","p":{"a":0,"k":[248.144,87.43],"ix":2},"a":{"a":0,"k":[0,0],"ix":1},"s":{"a":0,"k":[100,100],"ix":3},"r":{"a":0,"k":0,"ix":6},"o":{"a":0,"k":100,"ix":7},"sk":{"a":0,"k":0,"ix":4},"sa":{"a":0,"k":0,"ix":5},"nm":"Transform"}],"nm":"Group 4","np":3,"cix":2,"bm":0,"ix":4,"mn":"ADBE Vector Group","hd":false},{"ty":"gr","it":[{"ind":0,"ty":"sh","ix":1,"ks":{"a":0,"k":{"i":[[0,0],[0,0],[0,5.192],[0,0],[0,0]],"o":[[0,0],[-5.194,0],[0,0],[0,0],[0,0]],"v":[[60.217,7.052],[-50.814,7.052],[-60.217,-2.35],[-60.217,-7.052],[60.217,-7.052]],"c":true},"ix":2},"nm":"Path 1","mn":"ADBE Vector Shape - Group","hd":false},{"ty":"mm","mm":4,"nm":"Merge Paths 1","mn":"ADBE Vector Filter - Merge","hd":false},{"ty":"fl","c":{"a":0,"k":[0.808000033509,0.804000016755,0.827000038297,1],"ix":4},"o":{"a":0,"k":100,"ix":5},"r":1,"bm":0,"nm":"Fill 1","mn":"ADBE Vector Graphic - Fill","hd":false},{"ty":"tr","p":{"a":0,"k":[140.05,167.558],"ix":2},"a":{"a":0,"k":[0,0],"ix":1},"s":{"a":0,"k":[100,100],"ix":3},"r":{"a":0,"k":0,"ix":6},"o":{"a":0,"k":100,"ix":7},"sk":{"a":0,"k":0,"ix":4},"sa":{"a":0,"k":0,"ix":5},"nm":"Transform"}],"nm":"Group 5","np":3,"cix":2,"bm":0,"ix":5,"mn":"ADBE Vector Group","hd":false}],"ip":0,"op":208,"st":-10,"bm":0},{"ddd":0,"ind":2,"ty":4,"nm":"woman hand ","parent":4,"sr":1,"ks":{"o":{"a":0,"k":100,"ix":11},"r":{"a":1,"k":[{"i":{"x":[0.563],"y":[1]},"o":{"x":[0.2],"y":[0]},"n":["0p563_1_0p2_0"],"t":79,"s":[38],"e":[38]},{"i":{"x":[0.843],"y":[1]},"o":{"x":[0.344],"y":[0]},"n":["0p843_1_0p344_0"],"t":89,"s":[38],"e":[38]},{"i":{"x":[0.667],"y":[1]},"o":{"x":[0.333],"y":[0]},"n":["0p667_1_0p333_0"],"t":123,"s":[38],"e":[67]},{"i":{"x":[0.667],"y":[1]},"o":{"x":[0.333],"y":[0]},"n":["0p667_1_0p333_0"],"t":142,"s":[67],"e":[-2]},{"i":{"x":[0.833],"y":[1]},"o":{"x":[0.167],"y":[0]},"n":["0p833_1_0p167_0"],"t":144,"s":[-2],"e":[38]},{"t":176}],"ix":10},"p":{"a":0,"k":[14.071,0.732,0],"ix":2},"a":{"a":0,"k":[13.863,82.921,0],"ix":1},"s":{"a":0,"k":[100,100,100],"ix":6}},"ao":0,"shapes":[{"ty":"gr","it":[{"ind":0,"ty":"sh","ix":1,"ks":{"a":0,"k":{"i":[[-0.011,0.218],[0.005,0.009],[0,0],[-0.023,0.192],[0,0],[-3.603,0.065],[-0.287,-3.618],[0,0],[0.158,-1.035],[6.931,0],[0,7.289]],"o":[[-0.005,-0.009],[0,0],[0.015,-0.195],[0,0],[0.189,-3.599],[3.629,-0.066],[0,0],[0.08,1.085],[-0.541,6.792],[-7.288,0],[0,-0.22]],"v":[[-13.246,33.886],[-13.262,33.857],[-13.226,33.5],[-13.17,32.921],[-5.9,-41.167],[0.833,-47.671],[7.803,-41.349],[13.199,32.416],[13.062,35.599],[-0.082,47.737],[-13.279,34.54]],"c":true},"ix":2},"nm":"Path 1","mn":"ADBE Vector Shape - Group","hd":false},{"ty":"fl","c":{"a":0,"k":[0.603999956916,0.352999997606,0.344999994016,1],"ix":4},"o":{"a":0,"k":100,"ix":5},"r":1,"bm":0,"nm":"Fill 1","mn":"ADBE Vector Graphic - Fill","hd":false},{"ty":"tr","p":{"a":0,"k":[13.529,47.987],"ix":2},"a":{"a":0,"k":[0,0],"ix":1},"s":{"a":0,"k":[100,100],"ix":3},"r":{"a":0,"k":0,"ix":6},"o":{"a":0,"k":100,"ix":7},"sk":{"a":0,"k":0,"ix":4},"sa":{"a":0,"k":0,"ix":5},"nm":"Transform"}],"nm":"Group 1","np":2,"cix":2,"bm":0,"ix":1,"mn":"ADBE Vector Group","hd":false}],"ip":0,"op":208,"st":-10,"bm":0},{"ddd":0,"ind":3,"ty":4,"nm":"woman thumb","parent":4,"sr":1,"ks":{"o":{"a":0,"k":100,"ix":11},"r":{"a":1,"k":[{"i":{"x":[0.667],"y":[1]},"o":{"x":[0.333],"y":[0]},"n":["0p667_1_0p333_0"],"t":123,"s":[75],"e":[142]},{"i":{"x":[0.667],"y":[1]},"o":{"x":[0.333],"y":[0]},"n":["0p667_1_0p333_0"],"t":142,"s":[142],"e":[32]},{"i":{"x":[0.196],"y":[1]},"o":{"x":[0.03],"y":[0]},"n":["0p196_1_0p03_0"],"t":144,"s":[32],"e":[7]},{"i":{"x":[0.625],"y":[1]},"o":{"x":[0.361],"y":[0]},"n":["0p625_1_0p361_0"],"t":147,"s":[7],"e":[69]},{"i":{"x":[0.361],"y":[1]},"o":{"x":[0.138],"y":[0]},"n":["0p361_1_0p138_0"],"t":158,"s":[69],"e":[60]},{"i":{"x":[0.273],"y":[1]},"o":{"x":[0.245],"y":[0]},"n":["0p273_1_0p245_0"],"t":168,"s":[60],"e":[75]},{"t":173}],"ix":10},"p":{"a":0,"k":[14.071,0.732,0],"ix":2},"a":{"a":0,"k":[36.215,42.82,0],"ix":1},"s":{"a":0,"k":[100,100,100],"ix":6}},"ao":0,"shapes":[{"ty":"gr","it":[{"ind":0,"ty":"sh","ix":1,"ks":{"a":0,"k":{"i":[[0,0],[2.096,-1.169],[-1.405,-2.663],[0,0],[0,0],[-4.989,0],[-0.432,0.043],[-0.147,0.019],[-0.275,0.055],[-0.17,0.041],[-0.236,0.072],[-0.179,0.062],[-0.211,0.087],[-0.18,0.083],[-0.191,0.101],[-0.178,0.104],[-0.17,0.111],[-0.174,0.126],[-0.151,0.119],[-0.168,0.148],[-0.131,0.125],[-0.16,0.169],[-0.112,0.129],[-0.149,0.192],[-0.092,0.128],[-0.138,0.215],[-0.076,0.127],[-0.122,0.237],[-0.059,0.122],[-0.105,0.262],[-0.042,0.113],[-0.084,0.288],[-0.025,0.097],[-0.061,0.319],[-0.013,0.069],[-0.033,0.36],[-0.007,0.296],[0,0],[0.073,0.295],[0.014,0.056],[0.626,1.047],[0.046,0.073],[0.152,0.215],[0.053,0.071],[0.37,0.389],[0.03,0.031],[0.116,0.101]],"o":[[-1.762,-1.63],[-2.631,1.467],[0,0],[0,0],[2.245,4.084],[0.443,0],[0.149,-0.014],[0.281,-0.037],[0.172,-0.034],[0.241,-0.058],[0.181,-0.055],[0.216,-0.076],[0.183,-0.075],[0.195,-0.091],[0.183,-0.096],[0.176,-0.103],[0.181,-0.117],[0.156,-0.113],[0.175,-0.139],[0.137,-0.119],[0.168,-0.161],[0.117,-0.124],[0.161,-0.183],[0.098,-0.125],[0.15,-0.206],[0.08,-0.124],[0.136,-0.229],[0.062,-0.12],[0.12,-0.253],[0.044,-0.111],[0.102,-0.279],[0.028,-0.096],[0.083,-0.31],[0.012,-0.068],[0.06,-0.351],[0.027,-0.291],[-0.01,-1.152],[-0.053,-0.303],[-0.014,-0.056],[-0.32,-1.208],[-0.044,-0.073],[-0.139,-0.224],[-0.052,-0.072],[-0.321,-0.433],[-0.03,-0.031],[-0.156,-0.16],[0,0]],"v":[[-14.289,-25.745],[-20.757,-26.517],[-22.96,-19.089],[-0.393,20.833],[-0.389,20.833],[11.185,27.686],[12.496,27.62],[12.935,27.557],[13.772,27.429],[14.283,27.305],[15.004,27.12],[15.538,26.936],[16.184,26.699],[16.724,26.455],[17.306,26.174],[17.844,25.869],[18.366,25.553],[18.896,25.184],[19.357,24.839],[19.87,24.407],[20.273,24.041],[20.767,23.546],[21.109,23.167],[21.576,22.605],[21.861,22.225],[22.293,21.594],[22.523,21.216],[22.914,20.518],[23.09,20.153],[23.434,19.383],[23.557,19.044],[23.844,18.196],[23.918,17.904],[24.142,16.963],[24.173,16.756],[24.32,15.691],[24.365,14.808],[24.165,12.178],[23.973,11.282],[23.93,11.114],[22.497,7.721],[22.363,7.501],[21.926,6.843],[21.767,6.63],[20.732,5.395],[20.646,5.301],[19.823,4.528]],"c":true},"ix":2},"nm":"Path 1","mn":"ADBE Vector Shape - Group","hd":false},{"ty":"fl","c":{"a":0,"k":[0.603999956916,0.352999997606,0.344999994016,1],"ix":4},"o":{"a":0,"k":100,"ix":5},"r":1,"bm":0,"nm":"Fill 1","mn":"ADBE Vector Graphic - Fill","hd":false},{"ty":"tr","p":{"a":0,"k":[24.614,27.937],"ix":2},"a":{"a":0,"k":[0,0],"ix":1},"s":{"a":0,"k":[100,100],"ix":3},"r":{"a":0,"k":0,"ix":6},"o":{"a":0,"k":100,"ix":7},"sk":{"a":0,"k":0,"ix":4},"sa":{"a":0,"k":0,"ix":5},"nm":"Transform"}],"nm":"Group 1","np":2,"cix":2,"bm":0,"ix":1,"mn":"ADBE Vector Group","hd":false}],"ip":0,"op":208,"st":-10,"bm":0},{"ddd":0,"ind":4,"ty":4,"nm":"woman forearm ","parent":5,"sr":1,"ks":{"o":{"a":0,"k":100,"ix":11},"r":{"a":1,"k":[{"i":{"x":[0.833],"y":[1]},"o":{"x":[0.167],"y":[0]},"n":["0p833_1_0p167_0"],"t":22,"s":[-27],"e":[-21]},{"i":{"x":[0.833],"y":[1]},"o":{"x":[0.167],"y":[0]},"n":["0p833_1_0p167_0"],"t":31,"s":[-21],"e":[-20]},{"i":{"x":[0.833],"y":[1]},"o":{"x":[0.167],"y":[0]},"n":["0p833_1_0p167_0"],"t":80,"s":[-20],"e":[-19]},{"i":{"x":[0.833],"y":[1]},"o":{"x":[0.167],"y":[0]},"n":["0p833_1_0p167_0"],"t":89,"s":[-19],"e":[-27]},{"i":{"x":[0.833],"y":[1]},"o":{"x":[0.312],"y":[-0.002]},"n":["0p833_1_0p312_-0p002"],"t":123,"s":[-27],"e":[24]},{"i":{"x":[0.925],"y":[1]},"o":{"x":[0.405],"y":[0]},"n":["0p925_1_0p405_0"],"t":140,"s":[24],"e":[4]},{"i":{"x":[0.19],"y":[0.999]},"o":{"x":[0.082],"y":[0]},"n":["0p19_0p999_0p082_0"],"t":144,"s":[4],"e":[35]},{"i":{"x":[0.432],"y":[1.001]},"o":{"x":[0.471],"y":[0]},"n":["0p432_1p001_0p471_0"],"t":156,"s":[35],"e":[-27]},{"t":174}],"ix":10},"p":{"a":0,"k":[26.522,26.294,0],"ix":2},"a":{"a":0,"k":[25.852,117.825,0],"ix":1},"s":{"a":0,"k":[100,100,100],"ix":6}},"ao":0,"shapes":[{"ty":"gr","it":[{"ind":0,"ty":"sh","ix":1,"ks":{"a":0,"k":{"i":[[0,0.125],[0.718,2.269],[0,0],[0,0],[0,-2.563],[-13.146,0],[-0.129,0.002],[-2.42,0.759],[0.142,10.043]],"o":[[0,-2.507],[0,0],[0,0],[0,0],[0,13.146],[0.13,0],[2.371,0.028],[9.891,-3.101],[0.002,-0.124]],"v":[[24.629,46.867],[23.521,39.676],[1.816,-70.689],[-24.762,-67.299],[-22.975,46.867],[0.827,70.671],[1.214,70.66],[8.432,69.596],[24.62,47.24]],"c":true},"ix":2},"nm":"Path 1","mn":"ADBE Vector Shape - Group","hd":false},{"ty":"mm","mm":4,"nm":"Merge Paths 1","mn":"ADBE Vector Filter - Merge","hd":false},{"ty":"fl","c":{"a":0,"k":[0.929000016755,0.238999998803,0.325,1],"ix":4},"o":{"a":0,"k":100,"ix":5},"r":1,"bm":0,"nm":"Fill 1","mn":"ADBE Vector Graphic - Fill","hd":false},{"ty":"tr","p":{"a":0,"k":[25.011,70.939],"ix":2},"a":{"a":0,"k":[0,0],"ix":1},"s":{"a":0,"k":[100,100],"ix":3},"r":{"a":0,"k":0,"ix":6},"o":{"a":0,"k":100,"ix":7},"sk":{"a":0,"k":0,"ix":4},"sa":{"a":0,"k":0,"ix":5},"nm":"Transform"}],"nm":"Group 1","np":3,"cix":2,"bm":0,"ix":1,"mn":"ADBE Vector Group","hd":false}],"ip":0,"op":208,"st":-10,"bm":0},{"ddd":0,"ind":5,"ty":4,"nm":"woman-arm","parent":27,"sr":1,"ks":{"o":{"a":0,"k":100,"ix":11},"r":{"a":1,"k":[{"i":{"x":[0.667],"y":[1]},"o":{"x":[0.333],"y":[0]},"n":["0p667_1_0p333_0"],"t":123,"s":[-105],"e":[-6]},{"i":{"x":[0.833],"y":[1]},"o":{"x":[0.167],"y":[0]},"n":["0p833_1_0p167_0"],"t":143,"s":[-6],"e":[-6]},{"i":{"x":[0.833],"y":[1]},"o":{"x":[0.009],"y":[0]},"n":["0p833_1_0p009_0"],"t":147,"s":[-6],"e":[4]},{"i":{"x":[0.225],"y":[1.004]},"o":{"x":[0.391],"y":[0]},"n":["0p225_1p004_0p391_0"],"t":155,"s":[4],"e":[-105]},{"t":171}],"ix":10},"p":{"a":0,"k":[57.068,69.048,0],"ix":2},"a":{"a":0,"k":[114.522,94.45,0],"ix":1},"s":{"a":0,"k":[100,100,100],"ix":6}},"ao":0,"shapes":[{"ty":"gr","it":[{"ind":0,"ty":"sh","ix":1,"ks":{"a":0,"k":{"i":[[10.084,6.297],[0,0],[0,0],[8.073,-7.823],[-9.758,-9.34],[0,0],[-0.531,-0.479],[0,0],[0,0],[-9.164,0],[0,19.688]],"o":[[0,0],[0,0],[-9.334,-6.265],[-9.7,9.399],[0,0],[0.502,0.51],[0,0],[0,0],[6.315,5.681],[19.688,0],[0,-12.765]],"v":[[58.113,-1.034],[58.121,-1.046],[-35.361,-58.602],[-65.21,-55.93],[-65.105,-21.615],[13.848,54.208],[15.395,55.695],[15.427,55.726],[15.429,55.725],[39.262,64.867],[74.91,29.218]],"c":true},"ix":2},"nm":"Path 1","mn":"ADBE Vector Shape - Group","hd":false},{"ty":"mm","mm":4,"nm":"Merge Paths 1","mn":"ADBE Vector Filter - Merge","hd":false},{"ty":"fl","c":{"a":0,"k":[0.929000016755,0.238999998803,0.325,1],"ix":4},"o":{"a":0,"k":100,"ix":5},"r":1,"bm":0,"nm":"Fill 1","mn":"ADBE Vector Graphic - Fill","hd":false},{"ty":"tr","p":{"a":0,"k":[75.16,65.117],"ix":2},"a":{"a":0,"k":[0,0],"ix":1},"s":{"a":0,"k":[100,100],"ix":3},"r":{"a":0,"k":0,"ix":6},"o":{"a":0,"k":100,"ix":7},"sk":{"a":0,"k":0,"ix":4},"sa":{"a":0,"k":0,"ix":5},"nm":"Transform"}],"nm":"Group 1","np":3,"cix":2,"bm":0,"ix":1,"mn":"ADBE Vector Group","hd":false}],"ip":0,"op":208,"st":-10,"bm":0},{"ddd":0,"ind":6,"ty":4,"nm":"woman eye lids","parent":13,"sr":1,"ks":{"o":{"a":0,"k":100,"ix":11},"r":{"a":0,"k":4.777,"ix":10},"p":{"a":0,"k":[80.112,70.547,0],"ix":2},"a":{"a":0,"k":[-0.917,-134.46,0],"ix":1},"s":{"a":1,"k":[{"i":{"x":[0.667,0.667,0.667],"y":[1,1,1]},"o":{"x":[0.333,0.333,0.333],"y":[0,0,0]},"n":["0p667_1_0p333_0","0p667_1_0p333_0","0p667_1_0p333_0"],"t":50,"s":[60,0,100],"e":[60,60,100]},{"i":{"x":[0.667,0.667,0.667],"y":[1,1,1]},"o":{"x":[0.333,0.333,0.333],"y":[0,0,0]},"n":["0p667_1_0p333_0","0p667_1_0p333_0","0p667_1_0p333_0"],"t":53,"s":[60,60,100],"e":[60,0,100]},{"i":{"x":[0.833,0.833,0.833],"y":[1,1,1]},"o":{"x":[0.167,0.167,0.167],"y":[0,0,0]},"n":["0p833_1_0p167_0","0p833_1_0p167_0","0p833_1_0p167_0"],"t":56,"s":[60,0,100],"e":[60,0,100]},{"i":{"x":[0.667,0.667,0.667],"y":[1,1,1]},"o":{"x":[0.333,0.333,0.333],"y":[0,0,0]},"n":["0p667_1_0p333_0","0p667_1_0p333_0","0p667_1_0p333_0"],"t":100,"s":[60,0,100],"e":[60,60,100]},{"i":{"x":[0.667,0.667,0.667],"y":[1,1,1]},"o":{"x":[0.333,0.333,0.333],"y":[0,0,0]},"n":["0p667_1_0p333_0","0p667_1_0p333_0","0p667_1_0p333_0"],"t":103,"s":[60,60,100],"e":[60,0,100]},{"t":106}],"ix":6}},"ao":0,"shapes":[{"ty":"gr","it":[{"ind":0,"ty":"sh","ix":1,"ks":{"a":0,"k":{"i":[[0,-18.382],[17.984,0],[0,18.382],[-17.984,0]],"o":[[0,18.382],[-17.984,0],[0,-18.382],[17.984,0]],"v":[[94.281,-19.897],[61.718,13.387],[29.155,-19.897],[61.718,-53.181]],"c":true},"ix":2},"nm":"Path 1","mn":"ADBE Vector Shape - Group","hd":false},{"ty":"fl","c":{"a":0,"k":[0.603921568627,0.352941176471,0.345098039216,1],"ix":4},"o":{"a":0,"k":100,"ix":5},"r":1,"bm":0,"nm":"Fill 1","mn":"ADBE Vector Graphic - Fill","hd":false},{"ty":"tr","p":{"a":0,"k":[60.208,-107.411],"ix":2},"a":{"a":0,"k":[61.946,-22.104],"ix":1},"s":{"a":0,"k":[142.422,152.687],"ix":3},"r":{"a":0,"k":0,"ix":6},"o":{"a":0,"k":100,"ix":7},"sk":{"a":0,"k":0,"ix":4},"sa":{"a":0,"k":0,"ix":5},"nm":"Transform"}],"nm":"Group 1","np":2,"cix":2,"bm":0,"ix":1,"mn":"ADBE Vector Group","hd":false},{"ty":"gr","it":[{"ind":0,"ty":"sh","ix":1,"ks":{"a":0,"k":{"i":[[0,-18.382],[17.984,0],[0,18.382],[-17.984,0]],"o":[[0,18.382],[-17.984,0],[0,-18.382],[17.984,0]],"v":[[-43.667,-19.897],[-76.23,13.387],[-108.793,-19.897],[-76.23,-53.181]],"c":true},"ix":2},"nm":"Path 1","mn":"ADBE Vector Shape - Group","hd":false},{"ty":"fl","c":{"a":0,"k":[0.603921568627,0.352941176471,0.345098039216,1],"ix":4},"o":{"a":0,"k":100,"ix":5},"r":1,"bm":0,"nm":"Fill 1","mn":"ADBE Vector Graphic - Fill","hd":false},{"ty":"tr","p":{"a":0,"k":[-76.667,-118.339],"ix":2},"a":{"a":0,"k":[-76.525,-21.539],"ix":1},"s":{"a":0,"k":[127.271,127.271],"ix":3},"r":{"a":0,"k":0,"ix":6},"o":{"a":0,"k":100,"ix":7},"sk":{"a":0,"k":0,"ix":4},"sa":{"a":0,"k":0,"ix":5},"nm":"Transform"}],"nm":"Group 2","np":2,"cix":2,"bm":0,"ix":2,"mn":"ADBE Vector Group","hd":false}],"ip":0,"op":201,"st":0,"bm":0},{"ddd":0,"ind":7,"ty":4,"nm":"woman eyes","parent":13,"sr":1,"ks":{"o":{"a":0,"k":100,"ix":11},"r":{"a":0,"k":0,"ix":10},"p":{"a":1,"k":[{"i":{"x":0.182,"y":1},"o":{"x":0.269,"y":0},"n":"0p182_1_0p269_0","t":24,"s":[77.971,90.115,0],"e":[74.841,92.628,0],"to":[0,0,0],"ti":[0,0,0]},{"i":{"x":0.667,"y":0.667},"o":{"x":0.167,"y":0.167},"n":"0p667_0p667_0p167_0p167","t":32,"s":[74.841,92.628,0],"e":[74.841,92.628,0],"to":[0,0,0],"ti":[0,0,0]},{"i":{"x":0.833,"y":1},"o":{"x":0.167,"y":0},"n":"0p833_1_0p167_0","t":63,"s":[74.841,92.628,0],"e":[74.471,88.115,0],"to":[0,0,0],"ti":[0,0,0]},{"i":{"x":0.833,"y":0.833},"o":{"x":0.269,"y":0.269},"n":"0p833_0p833_0p269_0p269","t":69,"s":[74.471,88.115,0],"e":[74.471,88.115,0],"to":[0,0,0],"ti":[0,0,0]},{"i":{"x":0.833,"y":1},"o":{"x":0.269,"y":0},"n":"0p833_1_0p269_0","t":166,"s":[74.471,88.115,0],"e":[77.971,90.115,0],"to":[0,0,0],"ti":[0,0,0]},{"t":174}],"ix":2},"a":{"a":0,"k":[56.552,19.013,0],"ix":1},"s":{"a":0,"k":[100,100,100],"ix":6}},"ao":0,"shapes":[{"ty":"gr","it":[{"ind":0,"ty":"sh","ix":1,"ks":{"a":0,"k":{"i":[[0,-5.968],[-5.968,0],[0,5.967],[5.967,0]],"o":[[0,5.967],[5.967,0],[0,-5.968],[-5.968,0]],"v":[[-10.804,0],[0.001,10.805],[10.804,0],[0.001,-10.805]],"c":true},"ix":2},"nm":"Path 1","mn":"ADBE Vector Shape - Group","hd":false},{"ty":"mm","mm":4,"nm":"Merge Paths 1","mn":"ADBE Vector Filter - Merge","hd":false},{"ty":"fl","c":{"a":0,"k":[0.016000001571,0.169000004787,0.328999986836,1],"ix":4},"o":{"a":0,"k":100,"ix":5},"r":1,"bm":0,"nm":"Fill 1","mn":"ADBE Vector Graphic - Fill","hd":false},{"ty":"tr","p":{"a":0,"k":[11.054,11.055],"ix":2},"a":{"a":0,"k":[0,0],"ix":1},"s":{"a":0,"k":[100,100],"ix":3},"r":{"a":0,"k":0,"ix":6},"o":{"a":0,"k":100,"ix":7},"sk":{"a":0,"k":0,"ix":4},"sa":{"a":0,"k":0,"ix":5},"nm":"Transform"}],"nm":"Group 1","np":3,"cix":2,"bm":0,"ix":1,"mn":"ADBE Vector Group","hd":false},{"ty":"gr","it":[{"ind":0,"ty":"sh","ix":1,"ks":{"a":0,"k":{"i":[[0,-6.817],[-6.818,0],[0,6.817],[6.816,0]],"o":[[0,6.817],[6.816,0],[0,-6.817],[-6.818,0]],"v":[[-12.343,0],[0.001,12.344],[12.343,0],[0.001,-12.344]],"c":true},"ix":2},"nm":"Path 1","mn":"ADBE Vector Shape - Group","hd":false},{"ty":"mm","mm":4,"nm":"Merge Paths 1","mn":"ADBE Vector Filter - Merge","hd":false},{"ty":"fl","c":{"a":0,"k":[0.016000001571,0.169000004787,0.328999986836,1],"ix":4},"o":{"a":0,"k":100,"ix":5},"r":1,"bm":0,"nm":"Fill 1","mn":"ADBE Vector Graphic - Fill","hd":false},{"ty":"tr","p":{"a":0,"k":[100.511,25.433],"ix":2},"a":{"a":0,"k":[0,0],"ix":1},"s":{"a":0,"k":[100,100],"ix":3},"r":{"a":0,"k":0,"ix":6},"o":{"a":0,"k":100,"ix":7},"sk":{"a":0,"k":0,"ix":4},"sa":{"a":0,"k":0,"ix":5},"nm":"Transform"}],"nm":"Group 2","np":3,"cix":2,"bm":0,"ix":2,"mn":"ADBE Vector Group","hd":false}],"ip":0,"op":208,"st":-10,"bm":0},{"ddd":0,"ind":8,"ty":4,"nm":"woman eyeballs ","parent":13,"sr":1,"ks":{"o":{"a":0,"k":100,"ix":11},"r":{"a":0,"k":0,"ix":10},"p":{"a":0,"k":[77.47,89.479,0],"ix":2},"a":{"a":0,"k":[63.153,25.461,0],"ix":1},"s":{"a":0,"k":[100,100,100],"ix":6}},"ao":0,"shapes":[{"ty":"gr","it":[{"ind":0,"ty":"sh","ix":1,"ks":{"a":0,"k":{"i":[[0,-9.283],[-9.284,0],[0,9.283],[9.282,0]],"o":[[0,9.283],[9.282,0],[0,-9.283],[-9.284,0]],"v":[[-16.807,0],[0,16.808],[16.807,0],[0,-16.808]],"c":true},"ix":2},"nm":"Path 1","mn":"ADBE Vector Shape - Group","hd":false},{"ty":"mm","mm":4,"nm":"Merge Paths 1","mn":"ADBE Vector Filter - Merge","hd":false},{"ty":"fl","c":{"a":0,"k":[1,1,1,1],"ix":4},"o":{"a":0,"k":100,"ix":5},"r":1,"bm":0,"nm":"Fill 1","mn":"ADBE Vector Graphic - Fill","hd":false},{"ty":"tr","p":{"a":0,"k":[17.058,17.058],"ix":2},"a":{"a":0,"k":[0,0],"ix":1},"s":{"a":0,"k":[100,100],"ix":3},"r":{"a":0,"k":0,"ix":6},"o":{"a":0,"k":100,"ix":7},"sk":{"a":0,"k":0,"ix":4},"sa":{"a":0,"k":0,"ix":5},"nm":"Transform"}],"nm":"Group 1","np":3,"cix":2,"bm":0,"ix":1,"mn":"ADBE Vector Group","hd":false},{"ty":"gr","it":[{"ind":0,"ty":"sh","ix":1,"ks":{"a":0,"k":{"i":[[0,-10.604],[-10.604,0],[0,10.604],[10.605,0]],"o":[[0,10.604],[10.605,0],[0,-10.604],[-10.604,0]],"v":[[-19.201,0],[0,19.201],[19.201,0],[0,-19.201]],"c":true},"ix":2},"nm":"Path 1","mn":"ADBE Vector Shape - Group","hd":false},{"ty":"mm","mm":4,"nm":"Merge Paths 1","mn":"ADBE Vector Filter - Merge","hd":false},{"ty":"fl","c":{"a":0,"k":[1,1,1,1],"ix":4},"o":{"a":0,"k":100,"ix":5},"r":1,"bm":0,"nm":"Fill 1","mn":"ADBE Vector Graphic - Fill","hd":false},{"ty":"tr","p":{"a":0,"k":[106.855,31.472],"ix":2},"a":{"a":0,"k":[0,0],"ix":1},"s":{"a":0,"k":[100,100],"ix":3},"r":{"a":0,"k":0,"ix":6},"o":{"a":0,"k":100,"ix":7},"sk":{"a":0,"k":0,"ix":4},"sa":{"a":0,"k":0,"ix":5},"nm":"Transform"}],"nm":"Group 2","np":3,"cix":2,"bm":0,"ix":2,"mn":"ADBE Vector Group","hd":false}],"ip":0,"op":208,"st":-10,"bm":0},{"ddd":0,"ind":11,"ty":4,"nm":"woman-mouth","parent":13,"sr":1,"ks":{"o":{"a":0,"k":100,"ix":11},"r":{"a":0,"k":-0.796,"ix":10},"p":{"a":0,"k":[66.084,117.248,0],"ix":2},"a":{"a":0,"k":[-193.706,-24.098,0],"ix":1},"s":{"a":1,"k":[{"i":{"x":[0.269,0.269,0.667],"y":[0.998,0.998,1]},"o":{"x":[0.628,0.628,0.333],"y":[0,0,0]},"n":["0p269_0p998_0p628_0","0p269_0p998_0p628_0","0p667_1_0p333_0"],"t":220,"s":[63.726,63.726,100],"e":[79.658,79.658,100]},{"i":{"x":[0.766,0.766,0.564],"y":[0.067,0.067,1]},"o":{"x":[0.461,0.461,0.182],"y":[-0.005,-0.005,0]},"n":["0p766_0p067_0p461_-0p005","0p766_0p067_0p461_-0p005","0p564_1_0p182_0"],"t":224,"s":[79.658,79.658,100],"e":[74.186,74.186,100]},{"i":{"x":[0.269,0.269,0.667],"y":[0.976,0.976,1]},"o":{"x":[0.316,0.316,0.38],"y":[-3.617,-3.617,0]},"n":["0p269_0p976_0p316_-3p617","0p269_0p976_0p316_-3p617","0p667_1_0p38_0"],"t":229,"s":[74.186,74.186,100],"e":[76.471,76.471,100]},{"i":{"x":[0.41,0.41,0.833],"y":[1.005,1.005,1]},"o":{"x":[0.544,0.544,0.167],"y":[0,0,0]},"n":["0p41_1p005_0p544_0","0p41_1p005_0p544_0","0p833_1_0p167_0"],"t":235,"s":[76.471,76.471,100],"e":[63.726,63.726,100]},{"t":243}],"ix":6}},"ao":0,"shapes":[{"ty":"gr","it":[{"ind":0,"ty":"sh","ix":1,"ks":{"a":1,"k":[{"i":{"x":0,"y":1},"o":{"x":0.177,"y":0},"n":"0_1_0p177_0","t":104,"s":[{"i":[[0.043,0],[5.466,3.265],[-1.416,2.371],[-2.371,-1.417],[-5.414,-0.014],[-4.585,2.496],[-1.32,-2.425],[2.425,-1.32],[8.191,-0.024]],"o":[[-7.223,0],[-2.371,-1.416],[1.416,-2.37],[3.926,2.344],[4.1,-0.012],[2.425,-1.318],[1.32,2.425],[-2.87,1.562],[-0.043,0]],"v":[[-192.859,-14.562],[-212.814,-19.694],[-214.542,-26.551],[-207.686,-28.279],[-192.76,-24.562],[-178.891,-28.567],[-172.108,-26.566],[-174.109,-19.784],[-192.729,-14.562]],"c":true}],"e":[{"i":[[0.043,0],[2.876,5.444],[-1.416,2.371],[-2.762,0.017],[-5.414,-0.014],[-5.797,0.005],[-1.32,-2.425],[1.198,-2.488],[11.479,0]],"o":[[-11.329,0],[-1.29,-2.441],[1.416,-2.37],[5.249,-0.033],[4.1,-0.012],[2.76,-0.002],[1.32,2.425],[-1.525,3.166],[-0.043,0]],"v":[[-193.296,-5.874],[-214.251,-18.444],[-214.808,-28.614],[-207.952,-30.718],[-193.151,-30.625],[-179.156,-30.631],[-172.374,-28.63],[-173.109,-18.597],[-193.167,-5.874]],"c":true}]},{"i":{"x":0,"y":1},"o":{"x":0.167,"y":0},"n":"0_1_0p167_0","t":115,"s":[{"i":[[0.043,0],[2.876,5.444],[-1.416,2.371],[-2.762,0.017],[-5.414,-0.014],[-5.797,0.005],[-1.32,-2.425],[1.198,-2.488],[11.479,0]],"o":[[-11.329,0],[-1.29,-2.441],[1.416,-2.37],[5.249,-0.033],[4.1,-0.012],[2.76,-0.002],[1.32,2.425],[-1.525,3.166],[-0.043,0]],"v":[[-193.296,-5.874],[-214.251,-18.444],[-214.808,-28.614],[-207.952,-30.718],[-193.151,-30.625],[-179.156,-30.631],[-172.374,-28.63],[-173.109,-18.597],[-193.167,-5.874]],"c":true}],"e":[{"i":[[0.043,0],[2.876,5.444],[-1.416,2.371],[-2.762,0.017],[-5.414,-0.014],[-5.797,0.005],[-1.32,-2.425],[1.198,-2.488],[11.479,0]],"o":[[-11.329,0],[-1.29,-2.441],[1.416,-2.37],[5.249,-0.033],[4.1,-0.012],[2.76,-0.002],[1.32,2.425],[-1.525,3.166],[-0.043,0]],"v":[[-193.296,-5.874],[-214.251,-18.444],[-214.808,-28.614],[-207.952,-30.718],[-193.151,-30.625],[-179.156,-30.631],[-172.374,-28.63],[-173.109,-18.597],[-193.167,-5.874]],"c":true}]},{"i":{"x":0,"y":1},"o":{"x":0.167,"y":0},"n":"0_1_0p167_0","t":136,"s":[{"i":[[0.043,0],[2.876,5.444],[-1.416,2.371],[-2.762,0.017],[-5.414,-0.014],[-5.797,0.005],[-1.32,-2.425],[1.198,-2.488],[11.479,0]],"o":[[-11.329,0],[-1.29,-2.441],[1.416,-2.37],[5.249,-0.033],[4.1,-0.012],[2.76,-0.002],[1.32,2.425],[-1.525,3.166],[-0.043,0]],"v":[[-193.296,-5.874],[-214.251,-18.444],[-214.808,-28.614],[-207.952,-30.718],[-193.151,-30.625],[-179.156,-30.631],[-172.374,-28.63],[-173.109,-18.597],[-193.167,-5.874]],"c":true}],"e":[{"i":[[0.043,0],[5.466,3.265],[-1.416,2.371],[-2.371,-1.417],[-5.414,-0.014],[-4.585,2.496],[-1.32,-2.425],[2.425,-1.32],[8.191,-0.024]],"o":[[-7.223,0],[-2.371,-1.416],[1.416,-2.37],[3.926,2.344],[4.1,-0.012],[2.425,-1.318],[1.32,2.425],[-2.87,1.562],[-0.043,0]],"v":[[-192.859,-14.562],[-212.814,-19.694],[-214.542,-26.551],[-207.686,-28.279],[-192.76,-24.562],[-178.891,-28.567],[-172.108,-26.566],[-174.109,-19.784],[-192.729,-14.562]],"c":true}]},{"t":147}],"ix":2},"nm":"Path 1","mn":"ADBE Vector Shape - Group","hd":false},{"ty":"fl","c":{"a":0,"k":[0.015686275437,0.168627455831,0.329411774874,1],"ix":4},"o":{"a":0,"k":100,"ix":5},"r":1,"bm":0,"nm":"Fill 1","mn":"ADBE Vector Graphic - Fill","hd":false},{"ty":"tr","p":{"a":0,"k":[0,0],"ix":2},"a":{"a":0,"k":[0,0],"ix":1},"s":{"a":0,"k":[100,100],"ix":3},"r":{"a":0,"k":0,"ix":6},"o":{"a":0,"k":100,"ix":7},"sk":{"a":0,"k":0,"ix":4},"sa":{"a":0,"k":0,"ix":5},"nm":"Transform"}],"nm":"Group 1","np":2,"cix":2,"bm":0,"ix":1,"mn":"ADBE Vector Group","hd":false}],"ip":0,"op":201,"st":0,"bm":0},{"ddd":0,"ind":12,"ty":4,"nm":"woman hair front ","parent":13,"sr":1,"ks":{"o":{"a":0,"k":100,"ix":11},"r":{"a":1,"k":[{"i":{"x":[0.46],"y":[1]},"o":{"x":[0.364],"y":[0]},"n":["0p46_1_0p364_0"],"t":27,"s":[1],"e":[4]},{"i":{"x":[0.204],"y":[1]},"o":{"x":[0.275],"y":[0]},"n":["0p204_1_0p275_0"],"t":46,"s":[4],"e":[4]},{"i":{"x":[0.647],"y":[1.328]},"o":{"x":[0.282],"y":[0]},"n":["0p647_1p328_0p282_0"],"t":85,"s":[4],"e":[6.755]},{"i":{"x":[0.412],"y":[1]},"o":{"x":[0.182],"y":[0.239]},"n":["0p412_1_0p182_0p239"],"t":98,"s":[6.755],"e":[2]},{"i":{"x":[0.75],"y":[1]},"o":{"x":[0.643],"y":[0]},"n":["0p75_1_0p643_0"],"t":130,"s":[2],"e":[-1]},{"i":{"x":[0.347],"y":[1]},"o":{"x":[0.471],"y":[0]},"n":["0p347_1_0p471_0"],"t":142,"s":[-1],"e":[3]},{"i":{"x":[0.221],"y":[1]},"o":{"x":[0.298],"y":[0]},"n":["0p221_1_0p298_0"],"t":152,"s":[3],"e":[1]},{"t":167}],"ix":10},"p":{"a":0,"k":[78.201,43.079,0],"ix":2},"a":{"a":0,"k":[82.583,93.093,0],"ix":1},"s":{"a":0,"k":[100,100,100],"ix":6}},"ao":0,"shapes":[{"ty":"gr","it":[{"ind":0,"ty":"sh","ix":1,"ks":{"a":0,"k":{"i":[[0,0],[0,0],[0,0],[-62.123,-6.129],[0,-56.866]],"o":[[-46.688,-32.624],[-69.209,37.954],[5.41,-54.834],[62.122,6.129],[0,42.384]],"v":[[81.864,93.771],[34.546,-7.71],[-112.483,0.546],[9.796,-87.642],[112.483,22.741]],"c":true},"ix":2},"nm":"Path 1","mn":"ADBE Vector Shape - Group","hd":false},{"ty":"fl","c":{"a":0,"k":[1,0.741000007181,0.322000002394,1],"ix":4},"o":{"a":0,"k":100,"ix":5},"r":1,"bm":0,"nm":"Fill 1","mn":"ADBE Vector Graphic - Fill","hd":false},{"ty":"tr","p":{"a":0,"k":[112.733,94.021],"ix":2},"a":{"a":0,"k":[0,0],"ix":1},"s":{"a":0,"k":[100,100],"ix":3},"r":{"a":0,"k":0,"ix":6},"o":{"a":0,"k":100,"ix":7},"sk":{"a":0,"k":0,"ix":4},"sa":{"a":0,"k":0,"ix":5},"nm":"Transform"}],"nm":"Group 1","np":2,"cix":2,"bm":0,"ix":1,"mn":"ADBE Vector Group","hd":false}],"ip":0,"op":208,"st":-10,"bm":0},{"ddd":0,"ind":13,"ty":4,"nm":"woman-head ","parent":27,"sr":1,"ks":{"o":{"a":0,"k":100,"ix":11},"r":{"a":1,"k":[{"i":{"x":[0.583],"y":[1]},"o":{"x":[0.24],"y":[0]},"n":["0p583_1_0p24_0"],"t":26,"s":[0],"e":[-2]},{"i":{"x":[0.583],"y":[1]},"o":{"x":[0.275],"y":[0]},"n":["0p583_1_0p275_0"],"t":36,"s":[-2],"e":[-2]},{"i":{"x":[0.634],"y":[1.059]},"o":{"x":[0.297],"y":[0]},"n":["0p634_1p059_0p297_0"],"t":83,"s":[-2],"e":[-3]},{"i":{"x":[0.833],"y":[1]},"o":{"x":[0.335],"y":[0.061]},"n":["0p833_1_0p335_0p061"],"t":93,"s":[-3],"e":[0]},{"i":{"x":[0.75],"y":[1]},"o":{"x":[0.643],"y":[0]},"n":["0p75_1_0p643_0"],"t":127,"s":[0],"e":[3]},{"i":{"x":[0.667],"y":[1]},"o":{"x":[0.341],"y":[0]},"n":["0p667_1_0p341_0"],"t":139,"s":[3],"e":[-3]},{"i":{"x":[0.343],"y":[1]},"o":{"x":[0],"y":[0]},"n":["0p343_1_0_0"],"t":149,"s":[-3],"e":[2]},{"i":{"x":[0.524],"y":[1]},"o":{"x":[0.391],"y":[0]},"n":["0p524_1_0p391_0"],"t":159,"s":[2],"e":[0]},{"t":169}],"ix":10},"p":{"a":0,"k":[106.875,7.087,0],"ix":2},"a":{"a":0,"k":[71.392,148.151,0],"ix":1},"s":{"a":0,"k":[100,100,100],"ix":6}},"ao":0,"shapes":[{"ty":"gr","it":[{"ind":0,"ty":"sh","ix":1,"ks":{"a":0,"k":{"i":[[0,0],[6.277,1.647]],"o":[[-6.978,-0.777],[0,0]],"v":[[9.954,1.822],[-9.954,-1.822]],"c":false},"ix":2},"nm":"Path 1","mn":"ADBE Vector Shape - Group","hd":false},{"ty":"st","c":{"a":0,"k":[0.517999985639,0.298000021542,0.298000021542,1],"ix":3},"o":{"a":0,"k":100,"ix":4},"w":{"a":0,"k":7.289,"ix":5},"lc":2,"lj":2,"bm":0,"nm":"Stroke 1","mn":"ADBE Vector Graphic - Stroke","hd":false},{"ty":"tr","p":{"a":0,"k":[69.518,158.257],"ix":2},"a":{"a":0,"k":[0,0],"ix":1},"s":{"a":0,"k":[100,100],"ix":3},"r":{"a":0,"k":0,"ix":6},"o":{"a":0,"k":100,"ix":7},"sk":{"a":0,"k":0,"ix":4},"sa":{"a":0,"k":0,"ix":5},"nm":"Transform"}],"nm":"Group 1","np":2,"cix":2,"bm":0,"ix":1,"mn":"ADBE Vector Group","hd":false},{"ty":"gr","it":[{"ind":0,"ty":"sh","ix":1,"ks":{"a":0,"k":{"i":[[0,0],[0,0.583],[4.665,0],[-5.678,0],[0,-6.305]],"o":[[0.112,-0.55],[0,-4.665],[0.88,-5.429],[6.305,0],[0,0]],"v":[[-3.067,9.861],[-2.895,8.159],[-11.342,-0.287],[-0.074,-9.861],[11.342,1.555]],"c":false},"ix":2},"nm":"Path 1","mn":"ADBE Vector Shape - Group","hd":false},{"ty":"st","c":{"a":0,"k":[0.517999985639,0.298000021542,0.298000021542,1],"ix":3},"o":{"a":0,"k":100,"ix":4},"w":{"a":0,"k":7,"ix":5},"lc":2,"lj":2,"bm":0,"nm":"Stroke 1","mn":"ADBE Vector Graphic - Stroke","hd":false},{"ty":"tr","p":{"a":0,"k":[181.942,108.54],"ix":2},"a":{"a":0,"k":[0,0],"ix":1},"s":{"a":0,"k":[100,100],"ix":3},"r":{"a":0,"k":0,"ix":6},"o":{"a":0,"k":100,"ix":7},"sk":{"a":0,"k":0,"ix":4},"sa":{"a":0,"k":0,"ix":5},"nm":"Transform"}],"nm":"Group 2","np":2,"cix":2,"bm":0,"ix":2,"mn":"ADBE Vector Group","hd":false},{"ty":"gr","it":[{"ind":0,"ty":"sh","ix":1,"ks":{"a":0,"k":{"i":[[0,-12.899],[12.899,0],[0,12.898],[-12.899,0]],"o":[[0,12.898],[-12.899,0],[0,-12.899],[12.899,0]],"v":[[23.355,0],[0,23.355],[-23.355,0],[0,-23.355]],"c":true},"ix":2},"nm":"Path 1","mn":"ADBE Vector Shape - Group","hd":false},{"ty":"fl","c":{"a":0,"k":[0.603999956916,0.352999997606,0.344999994016,1],"ix":4},"o":{"a":0,"k":100,"ix":5},"r":1,"bm":0,"nm":"Fill 1","mn":"ADBE Vector Graphic - Fill","hd":false},{"ty":"tr","p":{"a":0,"k":[183.362,108.541],"ix":2},"a":{"a":0,"k":[0,0],"ix":1},"s":{"a":0,"k":[100,100],"ix":3},"r":{"a":0,"k":0,"ix":6},"o":{"a":0,"k":100,"ix":7},"sk":{"a":0,"k":0,"ix":4},"sa":{"a":0,"k":0,"ix":5},"nm":"Transform"}],"nm":"Group 3","np":2,"cix":2,"bm":0,"ix":3,"mn":"ADBE Vector Group","hd":false},{"ty":"gr","it":[{"ind":0,"ty":"sh","ix":1,"ks":{"a":0,"k":{"i":[[-75.282,-9.436],[0,-49.493],[41.73,0],[0,48.405],[0,0]],"o":[[75.281,9.437],[0,49.493],[-62.593,0],[0,-30.801],[0,0]],"v":[[15.565,-74.211],[85.481,15.405],[15.565,83.647],[-90.846,15.405],[-75.499,-48.635]],"c":true},"ix":2},"nm":"Path 1","mn":"ADBE Vector Shape - Group","hd":false},{"ty":"mm","mm":4,"nm":"Merge Paths 1","mn":"ADBE Vector Filter - Merge","hd":false},{"ty":"fl","c":{"a":0,"k":[0.603999956916,0.352999997606,0.344999994016,1],"ix":4},"o":{"a":0,"k":100,"ix":5},"r":1,"bm":0,"nm":"Fill 1","mn":"ADBE Vector Graphic - Fill","hd":false},{"ty":"tr","p":{"a":0,"k":[91.096,83.897],"ix":2},"a":{"a":0,"k":[0,0],"ix":1},"s":{"a":0,"k":[100,100],"ix":3},"r":{"a":0,"k":0,"ix":6},"o":{"a":0,"k":100,"ix":7},"sk":{"a":0,"k":0,"ix":4},"sa":{"a":0,"k":0,"ix":5},"nm":"Transform"}],"nm":"Group 4","np":3,"cix":2,"bm":0,"ix":4,"mn":"ADBE Vector Group","hd":false}],"ip":0,"op":208,"st":-10,"bm":0},{"ddd":0,"ind":14,"ty":4,"nm":"tongue mask","parent":19,"td":1,"sr":1,"ks":{"o":{"a":0,"k":100,"ix":11},"r":{"a":1,"k":[{"i":{"x":[0.667],"y":[1]},"o":{"x":[0.333],"y":[0]},"n":["0p667_1_0p333_0"],"t":63,"s":[-21.815],"e":[5.185]},{"i":{"x":[0.667],"y":[1]},"o":{"x":[0.167],"y":[0]},"n":["0p667_1_0p167_0"],"t":76,"s":[5.185],"e":[5.185]},{"i":{"x":[0.833],"y":[1]},"o":{"x":[0.167],"y":[0]},"n":["0p833_1_0p167_0"],"t":117,"s":[5.185],"e":[-21.815]},{"t":129}],"ix":10},"p":{"a":0,"k":[162.915,186.439,0],"ix":2},"a":{"a":0,"k":[-194.995,-45.423,0],"ix":1},"s":{"a":0,"k":[100,100,100],"ix":6}},"ao":0,"shapes":[{"ty":"gr","it":[{"ind":0,"ty":"sh","ix":1,"ks":{"a":1,"k":[{"i":{"x":0.667,"y":1},"o":{"x":0.333,"y":0},"n":"0p667_1_0p333_0","t":86,"s":[{"i":[[0,0],[-0.734,-1.793],[14.611,-2.152],[0.632,1.922],[-3.142,-0.682],[-11.201,0.975]],"o":[[1.632,-1.158],[1.83,4.475],[-14.731,2.17],[-0.605,-1.841],[0,0],[11.451,-0.997]],"v":[[-174.507,-44.405],[-169.83,-42.475],[-192.269,-26.045],[-216.282,-32.269],[-212.858,-36.568],[-193.174,-33.35]],"c":true}],"e":[{"i":[[0,0],[-0.027,-1.937],[11.112,-1.959],[3.596,10.322],[-1.908,0.336],[0,0]],"o":[[1.908,-0.336],[0.151,10.929],[-11.112,1.959],[-0.637,-1.83],[0,0],[0,0]],"v":[[-175.931,-44.496],[-172.247,-41.433],[-190.994,-18.806],[-216.349,-33.656],[-213.935,-37.795],[-194.895,-41.153]],"c":true}]},{"i":{"x":0.667,"y":1},"o":{"x":0.167,"y":0},"n":"0p667_1_0p167_0","t":100,"s":[{"i":[[0,0],[-0.027,-1.937],[11.112,-1.959],[3.596,10.322],[-1.908,0.336],[0,0]],"o":[[1.908,-0.336],[0.151,10.929],[-11.112,1.959],[-0.637,-1.83],[0,0],[0,0]],"v":[[-175.931,-44.496],[-172.247,-41.433],[-190.994,-18.806],[-216.349,-33.656],[-213.935,-37.795],[-194.895,-41.153]],"c":true}],"e":[{"i":[[0,0],[-0.027,-1.937],[11.112,-1.959],[3.596,10.322],[-1.908,0.336],[0,0]],"o":[[1.908,-0.336],[0.151,10.929],[-11.112,1.959],[-0.637,-1.83],[0,0],[0,0]],"v":[[-175.931,-44.496],[-172.247,-41.433],[-190.994,-18.806],[-216.349,-33.656],[-213.935,-37.795],[-194.895,-41.153]],"c":true}]},{"i":{"x":0.833,"y":1},"o":{"x":0.167,"y":0},"n":"0p833_1_0p167_0","t":118,"s":[{"i":[[0,0],[-0.027,-1.937],[11.112,-1.959],[3.596,10.322],[-1.908,0.336],[0,0]],"o":[[1.908,-0.336],[0.151,10.929],[-11.112,1.959],[-0.637,-1.83],[0,0],[0,0]],"v":[[-175.931,-44.496],[-172.247,-41.433],[-190.994,-18.806],[-216.349,-33.656],[-213.935,-37.795],[-194.895,-41.153]],"c":true}],"e":[{"i":[[0,0],[-0.734,-1.793],[14.611,-2.152],[0.632,1.922],[-3.142,-0.682],[-11.201,0.975]],"o":[[1.632,-1.158],[1.83,4.475],[-14.731,2.17],[-0.605,-1.841],[0,0],[11.451,-0.997]],"v":[[-174.507,-44.405],[-169.83,-42.475],[-192.269,-26.045],[-216.282,-32.269],[-212.858,-36.568],[-193.174,-33.35]],"c":true}]},{"t":131}],"ix":2},"nm":"Path 1","mn":"ADBE Vector Shape - Group","hd":false},{"ty":"fl","c":{"a":0,"k":[0.015686275437,0.168627455831,0.329411774874,1],"ix":4},"o":{"a":0,"k":100,"ix":5},"r":1,"bm":0,"nm":"Fill 1","mn":"ADBE Vector Graphic - Fill","hd":false},{"ty":"tr","p":{"a":0,"k":[0,0],"ix":2},"a":{"a":0,"k":[0,0],"ix":1},"s":{"a":0,"k":[100,100],"ix":3},"r":{"a":0,"k":0,"ix":6},"o":{"a":0,"k":100,"ix":7},"sk":{"a":0,"k":0,"ix":4},"sa":{"a":0,"k":0,"ix":5},"nm":"Transform"}],"nm":"Group 1","np":2,"cix":2,"bm":0,"ix":1,"mn":"ADBE Vector Group","hd":false},{"ty":"st","c":{"a":0,"k":[1,1,1,1],"ix":3},"o":{"a":0,"k":100,"ix":4},"w":{"a":0,"k":0.5,"ix":5},"lc":1,"lj":1,"ml":4,"ml2":{"a":0,"k":4,"ix":8},"bm":0,"nm":"Stroke 1","mn":"ADBE Vector Graphic - Stroke","hd":false}],"ip":0,"op":201,"st":0,"bm":0},{"ddd":0,"ind":15,"ty":4,"nm":"man tongue","parent":19,"tt":1,"sr":1,"ks":{"o":{"a":0,"k":100,"ix":11},"r":{"a":0,"k":10,"ix":10},"p":{"a":0,"k":[174.291,211.915,0],"ix":2},"a":{"a":0,"k":[-186.613,-18.642,0],"ix":1},"s":{"a":0,"k":[100,100,100],"ix":6}},"ao":0,"shapes":[{"ty":"gr","it":[{"ind":0,"ty":"sh","ix":1,"ks":{"a":0,"k":{"i":[[-3.913,0.69],[-2.216,6.048],[3.865,0],[1.883,-6.834]],"o":[[6.076,-1.071],[-2.78,-2.264],[-7.432,0],[3.51,1.203]],"v":[[-186.965,-8.893],[-173.738,-21.563],[-183.929,-25.189],[-200.44,-11.111]],"c":true},"ix":2},"nm":"Path 1","mn":"ADBE Vector Shape - Group","hd":false},{"ty":"fl","c":{"a":0,"k":[0.929411768913,0.239215686917,0.32549020648,1],"ix":4},"o":{"a":0,"k":100,"ix":5},"r":1,"bm":0,"nm":"Fill 1","mn":"ADBE Vector Graphic - Fill","hd":false},{"ty":"tr","p":{"a":0,"k":[0,0],"ix":2},"a":{"a":0,"k":[0,0],"ix":1},"s":{"a":0,"k":[100,100],"ix":3},"r":{"a":0,"k":0,"ix":6},"o":{"a":0,"k":100,"ix":7},"sk":{"a":0,"k":0,"ix":4},"sa":{"a":0,"k":0,"ix":5},"nm":"Transform"}],"nm":"Group 1","np":2,"cix":2,"bm":0,"ix":1,"mn":"ADBE Vector Group","hd":false}],"ip":0,"op":201,"st":0,"bm":0},{"ddd":0,"ind":16,"ty":4,"nm":"man-mouth","parent":19,"sr":1,"ks":{"o":{"a":0,"k":100,"ix":11},"r":{"a":1,"k":[{"i":{"x":[0.667],"y":[1]},"o":{"x":[0.333],"y":[0]},"n":["0p667_1_0p333_0"],"t":63,"s":[-21.815],"e":[5.185]},{"i":{"x":[0.667],"y":[1]},"o":{"x":[0.167],"y":[0]},"n":["0p667_1_0p167_0"],"t":76,"s":[5.185],"e":[5.185]},{"i":{"x":[0.833],"y":[1]},"o":{"x":[0.167],"y":[0]},"n":["0p833_1_0p167_0"],"t":117,"s":[5.185],"e":[-21.815]},{"t":129}],"ix":10},"p":{"a":0,"k":[162.915,186.439,0],"ix":2},"a":{"a":0,"k":[-194.995,-45.423,0],"ix":1},"s":{"a":0,"k":[100,100,100],"ix":6}},"ao":0,"shapes":[{"ty":"gr","it":[{"ind":0,"ty":"sh","ix":1,"ks":{"a":1,"k":[{"i":{"x":0.667,"y":1},"o":{"x":0.333,"y":0},"n":"0p667_1_0p333_0","t":86,"s":[{"i":[[0,0],[-0.734,-1.793],[14.611,-2.152],[0.632,1.922],[-3.142,-0.682],[-11.201,0.975]],"o":[[1.632,-1.158],[1.83,4.475],[-14.731,2.17],[-0.605,-1.841],[0,0],[11.451,-0.997]],"v":[[-174.507,-44.405],[-169.83,-42.475],[-192.269,-26.045],[-216.282,-32.269],[-212.858,-36.568],[-193.174,-33.35]],"c":true}],"e":[{"i":[[0,0],[-0.027,-1.937],[11.112,-1.959],[3.596,10.322],[-1.908,0.336],[0,0]],"o":[[1.908,-0.336],[0.151,10.929],[-11.112,1.959],[-0.637,-1.83],[0,0],[0,0]],"v":[[-175.931,-44.496],[-172.247,-41.433],[-190.994,-18.806],[-216.349,-33.656],[-213.935,-37.795],[-194.895,-41.153]],"c":true}]},{"i":{"x":0.667,"y":1},"o":{"x":0.167,"y":0},"n":"0p667_1_0p167_0","t":100,"s":[{"i":[[0,0],[-0.027,-1.937],[11.112,-1.959],[3.596,10.322],[-1.908,0.336],[0,0]],"o":[[1.908,-0.336],[0.151,10.929],[-11.112,1.959],[-0.637,-1.83],[0,0],[0,0]],"v":[[-175.931,-44.496],[-172.247,-41.433],[-190.994,-18.806],[-216.349,-33.656],[-213.935,-37.795],[-194.895,-41.153]],"c":true}],"e":[{"i":[[0,0],[-0.027,-1.937],[11.112,-1.959],[3.596,10.322],[-1.908,0.336],[0,0]],"o":[[1.908,-0.336],[0.151,10.929],[-11.112,1.959],[-0.637,-1.83],[0,0],[0,0]],"v":[[-175.931,-44.496],[-172.247,-41.433],[-190.994,-18.806],[-216.349,-33.656],[-213.935,-37.795],[-194.895,-41.153]],"c":true}]},{"i":{"x":0.833,"y":1},"o":{"x":0.167,"y":0},"n":"0p833_1_0p167_0","t":118,"s":[{"i":[[0,0],[-0.027,-1.937],[11.112,-1.959],[3.596,10.322],[-1.908,0.336],[0,0]],"o":[[1.908,-0.336],[0.151,10.929],[-11.112,1.959],[-0.637,-1.83],[0,0],[0,0]],"v":[[-175.931,-44.496],[-172.247,-41.433],[-190.994,-18.806],[-216.349,-33.656],[-213.935,-37.795],[-194.895,-41.153]],"c":true}],"e":[{"i":[[0,0],[-0.734,-1.793],[14.611,-2.152],[0.632,1.922],[-3.142,-0.682],[-11.201,0.975]],"o":[[1.632,-1.158],[1.83,4.475],[-14.731,2.17],[-0.605,-1.841],[0,0],[11.451,-0.997]],"v":[[-174.507,-44.405],[-169.83,-42.475],[-192.269,-26.045],[-216.282,-32.269],[-212.858,-36.568],[-193.174,-33.35]],"c":true}]},{"t":131}],"ix":2},"nm":"Path 1","mn":"ADBE Vector Shape - Group","hd":false},{"ty":"fl","c":{"a":0,"k":[0.015686275437,0.168627455831,0.329411774874,1],"ix":4},"o":{"a":0,"k":100,"ix":5},"r":1,"bm":0,"nm":"Fill 1","mn":"ADBE Vector Graphic - Fill","hd":false},{"ty":"tr","p":{"a":0,"k":[0,0],"ix":2},"a":{"a":0,"k":[0,0],"ix":1},"s":{"a":0,"k":[100,100],"ix":3},"r":{"a":0,"k":0,"ix":6},"o":{"a":0,"k":100,"ix":7},"sk":{"a":0,"k":0,"ix":4},"sa":{"a":0,"k":0,"ix":5},"nm":"Transform"}],"nm":"Group 1","np":2,"cix":2,"bm":0,"ix":1,"mn":"ADBE Vector Group","hd":false}],"ip":0,"op":201,"st":0,"bm":0},{"ddd":0,"ind":17,"ty":4,"nm":"man-eyes","parent":19,"sr":1,"ks":{"o":{"a":0,"k":100,"ix":11},"r":{"a":0,"k":0,"ix":10},"p":{"a":1,"k":[{"i":{"x":0.667,"y":1},"o":{"x":0.333,"y":0},"n":"0p667_1_0p333_0","t":0,"s":[156.928,152.724,0],"e":[163.076,154.79,0],"to":[0,0,0],"ti":[0,0,0]},{"i":{"x":0.667,"y":0.974},"o":{"x":0.333,"y":0},"n":"0p667_0p974_0p333_0","t":6,"s":[163.076,154.79,0],"e":[155.266,157.11,0],"to":[0,0,0],"ti":[0,0,0]},{"i":{"x":0.667,"y":0.995},"o":{"x":0.333,"y":0.004},"n":"0p667_0p995_0p333_0p004","t":31,"s":[155.266,157.11,0],"e":[162.103,153.896,0],"to":[0,0,0],"ti":[0,0,0]},{"i":{"x":0.667,"y":0.974},"o":{"x":0.333,"y":0.028},"n":"0p667_0p974_0p333_0p028","t":35,"s":[162.103,153.896,0],"e":[155.266,157.11,0],"to":[0,0,0],"ti":[0,0,0]},{"i":{"x":0.667,"y":0.996},"o":{"x":0.333,"y":0.003},"n":"0p667_0p996_0p333_0p003","t":58,"s":[155.266,157.11,0],"e":[162.103,153.896,0],"to":[0,0,0],"ti":[0,0,0]},{"i":{"x":0.667,"y":1},"o":{"x":0.333,"y":0.096},"n":"0p667_1_0p333_0p096","t":61,"s":[162.103,153.896,0],"e":[157.485,157.187,0],"to":[0,0,0],"ti":[0,0,0]},{"i":{"x":0,"y":1},"o":{"x":0.199,"y":0},"n":"0_1_0p199_0","t":121,"s":[157.485,157.187,0],"e":[163.031,152.238,0],"to":[0,0,0],"ti":[0,0,0]},{"i":{"x":0,"y":0},"o":{"x":0.167,"y":0.167},"n":"0_0_0p167_0p167","t":128,"s":[163.031,152.238,0],"e":[163.031,152.238,0],"to":[0,0,0],"ti":[0,0,0]},{"i":{"x":0.667,"y":1},"o":{"x":0.167,"y":0},"n":"0p667_1_0p167_0","t":168,"s":[163.031,152.238,0],"e":[156.928,152.724,0],"to":[0,0,0],"ti":[0,0,0]},{"t":173}],"ix":2},"a":{"a":0,"k":[54.286,21.404,0],"ix":1},"s":{"a":0,"k":[100,100,100],"ix":6}},"ao":0,"shapes":[{"ty":"gr","it":[{"ind":0,"ty":"sh","ix":1,"ks":{"a":0,"k":{"i":[[0,-7.372],[7.372,0],[0,7.372],[-7.372,0]],"o":[[0,7.372],[-7.372,0],[0,-7.372],[7.372,0]],"v":[[13.349,0],[-0.001,13.349],[-13.349,0],[-0.001,-13.349]],"c":true},"ix":2},"nm":"Path 1","mn":"ADBE Vector Shape - Group","hd":false},{"ty":"mm","mm":4,"nm":"Merge Paths 1","mn":"ADBE Vector Filter - Merge","hd":false},{"ty":"fl","c":{"a":0,"k":[0.016000001571,0.169000004787,0.328999986836,1],"ix":4},"o":{"a":0,"k":100,"ix":5},"r":1,"bm":0,"nm":"Fill 1","mn":"ADBE Vector Graphic - Fill","hd":false},{"ty":"tr","p":{"a":0,"k":[13.598,29.209],"ix":2},"a":{"a":0,"k":[0,0],"ix":1},"s":{"a":0,"k":[100,100],"ix":3},"r":{"a":0,"k":0,"ix":6},"o":{"a":0,"k":100,"ix":7},"sk":{"a":0,"k":0,"ix":4},"sa":{"a":0,"k":0,"ix":5},"nm":"Transform"}],"nm":"Group 1","np":3,"cix":2,"bm":0,"ix":1,"mn":"ADBE Vector Group","hd":false},{"ty":"gr","it":[{"ind":0,"ty":"sh","ix":1,"ks":{"a":0,"k":{"i":[[0,-6.7],[6.7,0],[0,6.701],[-6.701,0]],"o":[[0,6.701],[-6.701,0],[0,-6.7],[6.7,0]],"v":[[12.133,0],[0,12.132],[-12.133,0],[0,-12.132]],"c":true},"ix":2},"nm":"Path 1","mn":"ADBE Vector Shape - Group","hd":false},{"ty":"mm","mm":4,"nm":"Merge Paths 1","mn":"ADBE Vector Filter - Merge","hd":false},{"ty":"fl","c":{"a":0,"k":[0.016000001571,0.169000004787,0.328999986836,1],"ix":4},"o":{"a":0,"k":100,"ix":5},"r":1,"bm":0,"nm":"Fill 1","mn":"ADBE Vector Graphic - Fill","hd":false},{"ty":"tr","p":{"a":0,"k":[96.189,12.382],"ix":2},"a":{"a":0,"k":[0,0],"ix":1},"s":{"a":0,"k":[100,100],"ix":3},"r":{"a":0,"k":0,"ix":6},"o":{"a":0,"k":100,"ix":7},"sk":{"a":0,"k":0,"ix":4},"sa":{"a":0,"k":0,"ix":5},"nm":"Transform"}],"nm":"Group 2","np":3,"cix":2,"bm":0,"ix":2,"mn":"ADBE Vector Group","hd":false}],"ip":0,"op":201,"st":0,"bm":0},{"ddd":0,"ind":18,"ty":4,"nm":"man-eyeballs","parent":19,"sr":1,"ks":{"o":{"a":0,"k":100,"ix":11},"r":{"a":0,"k":0,"ix":10},"p":{"a":0,"k":[156.79,152.821,0],"ix":2},"a":{"a":0,"k":[61.499,28.482,0],"ix":1},"s":{"a":0,"k":[100,100,100],"ix":6}},"ao":0,"shapes":[{"ty":"gr","it":[{"ind":0,"ty":"sh","ix":1,"ks":{"a":0,"k":{"i":[[0,-11.468],[11.468,0],[0,11.468],[-11.467,0]],"o":[[0,11.468],[-11.467,0],[0,-11.468],[11.468,0]],"v":[[20.765,-0.001],[-0.001,20.764],[-20.765,-0.001],[-0.001,-20.764]],"c":true},"ix":2},"nm":"Path 1","mn":"ADBE Vector Shape - Group","hd":false},{"ty":"mm","mm":4,"nm":"Merge Paths 1","mn":"ADBE Vector Filter - Merge","hd":false},{"ty":"fl","c":{"a":0,"k":[1,1,1,1],"ix":4},"o":{"a":0,"k":100,"ix":5},"r":1,"bm":0,"nm":"Fill 1","mn":"ADBE Vector Graphic - Fill","hd":false},{"ty":"tr","p":{"a":0,"k":[21.014,35.949],"ix":2},"a":{"a":0,"k":[0,0],"ix":1},"s":{"a":0,"k":[100,100],"ix":3},"r":{"a":0,"k":0,"ix":6},"o":{"a":0,"k":100,"ix":7},"sk":{"a":0,"k":0,"ix":4},"sa":{"a":0,"k":0,"ix":5},"nm":"Transform"}],"nm":"Group 1","np":3,"cix":2,"bm":0,"ix":1,"mn":"ADBE Vector Group","hd":false},{"ty":"gr","it":[{"ind":0,"ty":"sh","ix":1,"ks":{"a":0,"k":{"i":[[0,-10.423],[10.424,0],[0,10.423],[-10.422,0]],"o":[[0,10.423],[-10.422,0],[0,-10.423],[10.424,0]],"v":[[18.873,-0.001],[-0.001,18.872],[-18.873,-0.001],[-0.001,-18.872]],"c":true},"ix":2},"nm":"Path 1","mn":"ADBE Vector Shape - Group","hd":false},{"ty":"mm","mm":4,"nm":"Merge Paths 1","mn":"ADBE Vector Filter - Merge","hd":false},{"ty":"fl","c":{"a":0,"k":[1,1,1,1],"ix":4},"o":{"a":0,"k":100,"ix":5},"r":1,"bm":0,"nm":"Fill 1","mn":"ADBE Vector Graphic - Fill","hd":false},{"ty":"tr","p":{"a":0,"k":[103.875,19.123],"ix":2},"a":{"a":0,"k":[0,0],"ix":1},"s":{"a":0,"k":[100,100],"ix":3},"r":{"a":0,"k":0,"ix":6},"o":{"a":0,"k":100,"ix":7},"sk":{"a":0,"k":0,"ix":4},"sa":{"a":0,"k":0,"ix":5},"nm":"Transform"}],"nm":"Group 2","np":3,"cix":2,"bm":0,"ix":2,"mn":"ADBE Vector Group","hd":false}],"ip":0,"op":201,"st":0,"bm":0},{"ddd":0,"ind":19,"ty":4,"nm":"man-head ","parent":21,"sr":1,"ks":{"o":{"a":0,"k":100,"ix":11},"r":{"a":1,"k":[{"i":{"x":[0.573],"y":[1.246]},"o":{"x":[0.225],"y":[0]},"n":["0p573_1p246_0p225_0"],"t":0,"s":[14],"e":[16.76]},{"i":{"x":[0.667],"y":[1.048]},"o":{"x":[0.336],"y":[0.345]},"n":["0p667_1p048_0p336_0p345"],"t":13.594,"s":[16.76],"e":[15.001]},{"i":{"x":[0.573],"y":[1.397]},"o":{"x":[0.288],"y":[0.038]},"n":["0p573_1p397_0p288_0p038"],"t":29,"s":[15.001],"e":[16.76]},{"i":{"x":[0.667],"y":[1.047]},"o":{"x":[0.336],"y":[0.335]},"n":["0p667_1p047_0p336_0p335"],"t":43,"s":[16.76],"e":[15.001]},{"i":{"x":[0.586],"y":[-0.136]},"o":{"x":[0.288],"y":[-0.123]},"n":["0p586_-0p136_0p288_-0p123"],"t":58,"s":[15.001],"e":[12.76]},{"i":{"x":[0.842],"y":[1]},"o":{"x":[0.299],"y":[0.022]},"n":["0p842_1_0p299_0p022"],"t":116,"s":[12.76],"e":[0]},{"i":{"x":[0.575],"y":[1]},"o":{"x":[0.185],"y":[0]},"n":["0p575_1_0p185_0"],"t":125,"s":[0],"e":[-5]},{"i":{"x":[0.667],"y":[1]},"o":{"x":[0.341],"y":[0]},"n":["0p667_1_0p341_0"],"t":137,"s":[-5],"e":[4]},{"i":{"x":[0.561],"y":[1]},"o":{"x":[0.152],"y":[0]},"n":["0p561_1_0p152_0"],"t":146,"s":[4],"e":[-2]},{"i":{"x":[0.214],"y":[1]},"o":{"x":[0.424],"y":[0]},"n":["0p214_1_0p424_0"],"t":160,"s":[-2],"e":[14]},{"t":173}],"ix":10},"p":{"a":0,"k":[114.698,2.451,0],"ix":2},"a":{"a":0,"k":[145.1,249.731,0],"ix":1},"s":{"a":0,"k":[100,100,100],"ix":6}},"ao":0,"shapes":[{"ty":"gr","it":[{"ind":0,"ty":"sh","ix":1,"ks":{"a":0,"k":{"i":[[0,0],[-14.991,5.229]],"o":[[0,0],[0,0]],"v":[[-13.252,0.025],[13.252,-2.615]],"c":false},"ix":2},"nm":"Path 1","mn":"ADBE Vector Shape - Group","hd":false},{"ty":"st","c":{"a":0,"k":[0.948999980852,0.620000023935,0.086000001197,1],"ix":3},"o":{"a":0,"k":100,"ix":4},"w":{"a":0,"k":7,"ix":5},"lc":2,"lj":2,"bm":0,"nm":"Stroke 1","mn":"ADBE Vector Graphic - Stroke","hd":false},{"ty":"tr","p":{"a":0,"k":[149.007,263.347],"ix":2},"a":{"a":0,"k":[0,0],"ix":1},"s":{"a":0,"k":[100,100],"ix":3},"r":{"a":0,"k":0,"ix":6},"o":{"a":0,"k":100,"ix":7},"sk":{"a":0,"k":0,"ix":4},"sa":{"a":0,"k":0,"ix":5},"nm":"Transform"}],"nm":"Group 1","np":2,"cix":2,"bm":0,"ix":1,"mn":"ADBE Vector Group","hd":false},{"ty":"gr","it":[{"ind":0,"ty":"sh","ix":1,"ks":{"a":0,"k":{"i":[[0,0],[-5.666,1.697],[-0.405,0.072],[7.096,-2.125],[1.672,-2.563]],"o":[[-1.697,-5.666],[0.403,-0.121],[-2.126,-7.096],[-3.161,0.947],[0,0]],"v":[[3.641,12.373],[10.827,-0.958],[12.041,-1.247],[-4.656,-10.248],[-12.041,-4.73]],"c":false},"ix":2},"nm":"Path 1","mn":"ADBE Vector Shape - Group","hd":false},{"ty":"st","c":{"a":0,"k":[0.948999980852,0.620000023935,0.086000001197,1],"ix":3},"o":{"a":0,"k":100,"ix":4},"w":{"a":0,"k":7,"ix":5},"lc":2,"lj":2,"bm":0,"nm":"Stroke 1","mn":"ADBE Vector Graphic - Stroke","hd":false},{"ty":"tr","p":{"a":0,"k":[29.541,180.755],"ix":2},"a":{"a":0,"k":[0,0],"ix":1},"s":{"a":0,"k":[100,100],"ix":3},"r":{"a":0,"k":0,"ix":6},"o":{"a":0,"k":100,"ix":7},"sk":{"a":0,"k":0,"ix":4},"sa":{"a":0,"k":0,"ix":5},"nm":"Transform"}],"nm":"Group 2","np":2,"cix":2,"bm":0,"ix":2,"mn":"ADBE Vector Group","hd":false},{"ty":"gr","it":[{"ind":0,"ty":"sh","ix":1,"ks":{"a":0,"k":{"i":[[0,0],[0,0],[3.991,-1.297],[0,0],[2.149,3.188],[0,0]],"o":[[0,0],[0.602,4.153],[0,0],[-3.657,1.188],[0,0],[0,0]],"v":[[13.02,-16.37],[16.047,4.482],[10.182,13.915],[6.28,15.182],[-3.527,11.804],[-16.649,-7.66]],"c":false},"ix":2},"nm":"Path 1","mn":"ADBE Vector Shape - Group","hd":false},{"ty":"mm","mm":4,"nm":"Merge Paths 1","mn":"ADBE Vector Filter - Merge","hd":false},{"ty":"fl","c":{"a":0,"k":[0.016000001571,0.169000004787,0.328999986836,1],"ix":4},"o":{"a":0,"k":100,"ix":5},"r":1,"bm":0,"nm":"Fill 1","mn":"ADBE Vector Graphic - Fill","hd":false},{"ty":"tr","p":{"a":0,"k":[57.864,168.381],"ix":2},"a":{"a":0,"k":[0,0],"ix":1},"s":{"a":0,"k":[100,100],"ix":3},"r":{"a":0,"k":0,"ix":6},"o":{"a":0,"k":100,"ix":7},"sk":{"a":0,"k":0,"ix":4},"sa":{"a":0,"k":0,"ix":5},"nm":"Transform"}],"nm":"Group 3","np":3,"cix":2,"bm":0,"ix":3,"mn":"ADBE Vector Group","hd":false},{"ty":"gr","it":[{"ind":0,"ty":"sh","ix":1,"ks":{"a":0,"k":{"i":[[0,-13.043],[13.043,0],[0,13.043],[-13.042,0]],"o":[[0,13.043],[-13.042,0],[0,-13.043],[13.043,0]],"v":[[23.617,-0.001],[-0.001,23.617],[-23.617,-0.001],[-0.001,-23.617]],"c":true},"ix":2},"nm":"Path 1","mn":"ADBE Vector Shape - Group","hd":false},{"ty":"mm","mm":4,"nm":"Merge Paths 1","mn":"ADBE Vector Filter - Merge","hd":false},{"ty":"fl","c":{"a":0,"k":[1,0.741000007181,0.322000002394,1],"ix":4},"o":{"a":0,"k":100,"ix":5},"r":1,"bm":0,"nm":"Fill 1","mn":"ADBE Vector Graphic - Fill","hd":false},{"ty":"tr","p":{"a":0,"k":[27.818,181.534],"ix":2},"a":{"a":0,"k":[0,0],"ix":1},"s":{"a":0,"k":[100,100],"ix":3},"r":{"a":0,"k":0,"ix":6},"o":{"a":0,"k":100,"ix":7},"sk":{"a":0,"k":0,"ix":4},"sa":{"a":0,"k":0,"ix":5},"nm":"Transform"}],"nm":"Group 4","np":3,"cix":2,"bm":0,"ix":4,"mn":"ADBE Vector Group","hd":false},{"ty":"gr","it":[{"ind":0,"ty":"sh","ix":1,"ks":{"a":0,"k":{"i":[[0,0],[0,0],[-0.644,-5.179],[0,0],[0,0],[0,0],[0,0],[0,0],[-33.584,2.378],[0,0]],"o":[[0,0],[-5.219,-0.058],[0,0],[0,0],[0,0],[0,0],[0,0],[-10.173,-32.094],[0,0],[0,0]],"v":[[83.525,6.246],[-13.869,5.172],[-22.515,14.851],[-17.757,53.122],[-30.869,68.234],[-35.281,59.901],[-50.438,72.288],[-73.352,-0.005],[-27.421,-67.637],[38.277,-72.288]],"c":false},"ix":2},"nm":"Path 1","mn":"ADBE Vector Shape - Group","hd":false},{"ty":"mm","mm":4,"nm":"Merge Paths 1","mn":"ADBE Vector Filter - Merge","hd":false},{"ty":"fl","c":{"a":0,"k":[0.016000001571,0.169000004787,0.328999986836,1],"ix":4},"o":{"a":0,"k":100,"ix":5},"r":1,"bm":0,"nm":"Fill 1","mn":"ADBE Vector Graphic - Fill","hd":false},{"ty":"tr","p":{"a":0,"k":[90.038,108.518],"ix":2},"a":{"a":0,"k":[0,0],"ix":1},"s":{"a":0,"k":[100,100],"ix":3},"r":{"a":0,"k":0,"ix":6},"o":{"a":0,"k":100,"ix":7},"sk":{"a":0,"k":0,"ix":4},"sa":{"a":0,"k":0,"ix":5},"nm":"Transform"}],"nm":"Group 5","np":3,"cix":2,"bm":0,"ix":5,"mn":"ADBE Vector Group","hd":false},{"ty":"gr","it":[{"ind":0,"ty":"sh","ix":1,"ks":{"a":0,"k":{"i":[[0,-31.623],[31.622,0],[0,31.622],[-31.622,0]],"o":[[0,31.622],[-31.622,0],[0,-31.623],[31.622,0]],"v":[[57.258,0],[0.001,57.257],[-57.257,0],[0.001,-57.257]],"c":true},"ix":2},"nm":"Path 1","mn":"ADBE Vector Shape - Group","hd":false},{"ty":"mm","mm":4,"nm":"Merge Paths 1","mn":"ADBE Vector Filter - Merge","hd":false},{"ty":"fl","c":{"a":0,"k":[0.016000001571,0.169000004787,0.328999986836,1],"ix":4},"o":{"a":0,"k":100,"ix":5},"r":1,"bm":0,"nm":"Fill 1","mn":"ADBE Vector Graphic - Fill","hd":false},{"ty":"tr","p":{"a":0,"k":[173.563,57.507],"ix":2},"a":{"a":0,"k":[0,0],"ix":1},"s":{"a":0,"k":[100,100],"ix":3},"r":{"a":0,"k":0,"ix":6},"o":{"a":0,"k":100,"ix":7},"sk":{"a":0,"k":0,"ix":4},"sa":{"a":0,"k":0,"ix":5},"nm":"Transform"}],"nm":"Group 6","np":3,"cix":2,"bm":0,"ix":6,"mn":"ADBE Vector Group","hd":false},{"ty":"gr","it":[{"ind":0,"ty":"sh","ix":1,"ks":{"a":0,"k":{"i":[[0,0],[10.623,6.825],[0,0],[2.975,8.569],[0,0],[0,0],[0,0],[0,0],[0,0],[10.304,-10.093]],"o":[[-9.017,8.838],[0,0],[-7.632,-4.903],[0,0],[0,0],[0,0],[0,0],[0,0],[5.892,13.166],[0,0]],"v":[[26.754,90.891],[-6.816,94.333],[-72.63,52.061],[-89,31.266],[-97.597,6.504],[-110.753,-82.208],[-73.001,-95.02],[67.277,-101.158],[104.862,-17.171],[97.521,21.53]],"c":true},"ix":2},"nm":"Path 1","mn":"ADBE Vector Shape - Group","hd":false},{"ty":"mm","mm":4,"nm":"Merge Paths 1","mn":"ADBE Vector Filter - Merge","hd":false},{"ty":"fl","c":{"a":0,"k":[1,0.741000007181,0.322000002394,1],"ix":4},"o":{"a":0,"k":100,"ix":5},"r":1,"bm":0,"nm":"Fill 1","mn":"ADBE Vector Graphic - Fill","hd":false},{"ty":"tr","p":{"a":0,"k":[137.197,181.195],"ix":2},"a":{"a":0,"k":[0,0],"ix":1},"s":{"a":0,"k":[100,100],"ix":3},"r":{"a":0,"k":0,"ix":6},"o":{"a":0,"k":100,"ix":7},"sk":{"a":0,"k":0,"ix":4},"sa":{"a":0,"k":0,"ix":5},"nm":"Transform"}],"nm":"Group 7","np":3,"cix":2,"bm":0,"ix":7,"mn":"ADBE Vector Group","hd":false}],"ip":0,"op":201,"st":0,"bm":0},{"ddd":0,"ind":20,"ty":4,"nm":"man L hand","parent":21,"sr":1,"ks":{"o":{"a":0,"k":100,"ix":11},"r":{"a":0,"k":0,"ix":10},"p":{"a":0,"k":[50.57,177.881,0],"ix":2},"a":{"a":0,"k":[83.525,72.207,0],"ix":1},"s":{"a":0,"k":[100,100,100],"ix":6}},"ao":0,"shapes":[{"ty":"gr","it":[{"ind":0,"ty":"sh","ix":1,"ks":{"a":0,"k":{"i":[[0,0],[0,0],[-14.21,-7.268],[0,0],[0,0],[0,0],[0,0],[6.034,4.576],[0,0],[0,0]],"o":[[0,0],[-7.189,14.25],[0,0],[0,0],[0,0],[0,0],[-7.533,-0.785],[0,0],[0,0],[0,0]],"v":[[-50.32,-71.957],[-76.086,-20.888],[-63.394,18.011],[42.085,71.957],[83.275,71.957],[78.827,45.466],[68.026,44.34],[47.286,36.144],[-19.843,-14.766],[-0.196,-35.594]],"c":true},"ix":2},"nm":"Path 1","mn":"ADBE Vector Shape - Group","hd":false},{"ty":"mm","mm":4,"nm":"Merge Paths 1","mn":"ADBE Vector Filter - Merge","hd":false},{"ty":"fl","c":{"a":0,"k":[1,0.741000007181,0.322000002394,1],"ix":4},"o":{"a":0,"k":100,"ix":5},"r":1,"bm":0,"nm":"Fill 1","mn":"ADBE Vector Graphic - Fill","hd":false},{"ty":"tr","p":{"a":0,"k":[83.525,72.207],"ix":2},"a":{"a":0,"k":[0,0],"ix":1},"s":{"a":0,"k":[100,100],"ix":3},"r":{"a":0,"k":0,"ix":6},"o":{"a":0,"k":100,"ix":7},"sk":{"a":0,"k":0,"ix":4},"sa":{"a":0,"k":0,"ix":5},"nm":"Transform"}],"nm":"Group 1","np":3,"cix":2,"bm":0,"ix":1,"mn":"ADBE Vector Group","hd":false}],"ip":0,"op":201,"st":0,"bm":0},{"ddd":0,"ind":21,"ty":4,"nm":"man body ","sr":1,"ks":{"o":{"a":0,"k":100,"ix":11},"r":{"a":1,"k":[{"i":{"x":[0.575],"y":[1]},"o":{"x":[0.185],"y":[0]},"n":["0p575_1_0p185_0"],"t":121,"s":[0],"e":[-3]},{"i":{"x":[0.667],"y":[1]},"o":{"x":[0.341],"y":[0]},"n":["0p667_1_0p341_0"],"t":133,"s":[-3],"e":[3]},{"i":{"x":[0.346],"y":[1]},"o":{"x":[0.152],"y":[0]},"n":["0p346_1_0p152_0"],"t":142,"s":[3],"e":[-2]},{"i":{"x":[0.643],"y":[1]},"o":{"x":[0.428],"y":[0]},"n":["0p643_1_0p428_0"],"t":156,"s":[-2],"e":[0]},{"t":168}],"ix":10},"p":{"a":0,"k":[194.36,681.904,0],"ix":2},"a":{"a":0,"k":[108.547,265.868,0],"ix":1},"s":{"a":0,"k":[100,100,100],"ix":6}},"ao":0,"shapes":[{"ty":"gr","it":[{"ind":0,"ty":"sh","ix":1,"ks":{"a":0,"k":{"i":[[0,0],[0,0],[-12.729,-0.634],[-1.038,12.147],[0,0]],"o":[[0,0],[-0.981,12.708],[12.176,0.606],[0,0],[0,0]],"v":[[-21.148,-27.221],[-23.499,2.26],[-2.053,26.615],[21.632,5.93],[24.48,-27.221]],"c":true},"ix":2},"nm":"Path 1","mn":"ADBE Vector Shape - Group","hd":false},{"ty":"mm","mm":4,"nm":"Merge Paths 1","mn":"ADBE Vector Filter - Merge","hd":false},{"ty":"fl","c":{"a":0,"k":[1,0.741000007181,0.322000002394,1],"ix":4},"o":{"a":0,"k":100,"ix":5},"r":1,"bm":0,"nm":"Fill 1","mn":"ADBE Vector Graphic - Fill","hd":false},{"ty":"tr","p":{"a":0,"k":[112.878,27.471],"ix":2},"a":{"a":0,"k":[0,0],"ix":1},"s":{"a":0,"k":[100,100],"ix":3},"r":{"a":0,"k":0,"ix":6},"o":{"a":0,"k":100,"ix":7},"sk":{"a":0,"k":0,"ix":4},"sa":{"a":0,"k":0,"ix":5},"nm":"Transform"}],"nm":"Group 1","np":3,"cix":2,"bm":0,"ix":1,"mn":"ADBE Vector Group","hd":false},{"ty":"gr","it":[{"ind":0,"ty":"sh","ix":1,"ks":{"a":0,"k":{"i":[[0.661,10.076],[0.006,0.09],[0,0],[0,0],[16.586,0],[0,0],[0,0],[0,0],[0,0],[0,0],[5.404,-9.63],[0,0],[0,0],[0,0],[-0.185,-0.145]],"o":[[-0.004,-0.09],[-0.005,-0.083],[0,0],[-1.008,-16.333],[0,0],[0,0],[0,0],[0,0],[0,0],[-10.529,3.33],[0,0],[0,0],[0,0],[0,0],[0.179,0.141]],"v":[[93.505,-88.502],[93.487,-88.771],[93.479,-88.901],[93.478,-88.9],[62.325,-118.17],[62.324,-118.17],[62.322,-118.207],[26.962,-118.207],[-18.167,-121.878],[-58.156,-109.233],[-82.957,-89.06],[-107.297,-45.686],[-71.762,-19.905],[-96.734,121.737],[107.118,121.737]],"c":true},"ix":2},"nm":"Path 1","mn":"ADBE Vector Shape - Group","hd":false},{"ty":"mm","mm":4,"nm":"Merge Paths 1","mn":"ADBE Vector Filter - Merge","hd":false},{"ty":"fl","c":{"a":0,"k":[0.277999997606,0.596000043084,0.219999994016,1],"ix":4},"o":{"a":0,"k":100,"ix":5},"r":1,"bm":0,"nm":"Fill 1","mn":"ADBE Vector Graphic - Fill","hd":false},{"ty":"tr","p":{"a":0,"k":[107.547,151.609],"ix":2},"a":{"a":0,"k":[0,0],"ix":1},"s":{"a":0,"k":[100,100],"ix":3},"r":{"a":0,"k":0,"ix":6},"o":{"a":0,"k":100,"ix":7},"sk":{"a":0,"k":0,"ix":4},"sa":{"a":0,"k":0,"ix":5},"nm":"Transform"}],"nm":"Group 2","np":3,"cix":2,"bm":0,"ix":2,"mn":"ADBE Vector Group","hd":false}],"ip":0,"op":201,"st":0,"bm":0},{"ddd":0,"ind":22,"ty":4,"nm":"man thumb ","parent":24,"sr":1,"ks":{"o":{"a":0,"k":100,"ix":11},"r":{"a":1,"k":[{"i":{"x":[0.833],"y":[1]},"o":{"x":[0.167],"y":[0]},"n":["0p833_1_0p167_0"],"t":129,"s":[-73],"e":[-110]},{"i":{"x":[0.833],"y":[1]},"o":{"x":[0.167],"y":[0]},"n":["0p833_1_0p167_0"],"t":139,"s":[-110],"e":[-110]},{"i":{"x":[1],"y":[1]},"o":{"x":[0.539],"y":[0]},"n":["1_1_0p539_0"],"t":141,"s":[-110],"e":[-47]},{"i":{"x":[1],"y":[1]},"o":{"x":[0.167],"y":[0]},"n":["1_1_0p167_0"],"t":144,"s":[-47],"e":[-73]},{"t":148}],"ix":10},"p":{"a":0,"k":[39.257,13.84,0],"ix":2},"a":{"a":0,"k":[13.843,42.82,0],"ix":1},"s":{"a":0,"k":[100,100,100],"ix":6}},"ao":0,"shapes":[{"ty":"gr","it":[{"ind":0,"ty":"sh","ix":1,"ks":{"a":0,"k":{"i":[[0,0],[-2.096,-1.169],[1.406,-2.663],[0,0],[0,0],[4.989,0],[0.433,0.043],[0.147,0.019],[0.275,0.055],[0.171,0.041],[0.236,0.072],[0.178,0.062],[0.211,0.087],[0.18,0.083],[0.19,0.101],[0.177,0.104],[0.171,0.111],[0.175,0.126],[0.15,0.119],[0.169,0.148],[0.131,0.125],[0.16,0.169],[0.112,0.129],[0.15,0.192],[0.093,0.128],[0.137,0.215],[0.075,0.127],[0.123,0.237],[0.058,0.122],[0.105,0.262],[0.042,0.113],[0.084,0.288],[0.025,0.097],[0.06,0.319],[0.012,0.069],[0.032,0.36],[0.007,0.296],[0,0],[-0.074,0.295],[-0.014,0.056],[-0.627,1.047],[-0.046,0.073],[-0.153,0.215],[-0.052,0.071],[-0.37,0.388],[-0.03,0.031],[-0.116,0.101]],"o":[[1.761,-1.63],[2.63,1.467],[0,0],[0,0],[-2.244,4.084],[-0.443,0],[-0.148,-0.014],[-0.281,-0.037],[-0.173,-0.034],[-0.241,-0.058],[-0.182,-0.055],[-0.216,-0.076],[-0.184,-0.075],[-0.195,-0.091],[-0.183,-0.096],[-0.176,-0.103],[-0.18,-0.117],[-0.155,-0.113],[-0.176,-0.139],[-0.136,-0.119],[-0.169,-0.161],[-0.117,-0.124],[-0.16,-0.183],[-0.098,-0.125],[-0.149,-0.206],[-0.08,-0.124],[-0.136,-0.229],[-0.061,-0.12],[-0.12,-0.253],[-0.045,-0.111],[-0.103,-0.279],[-0.028,-0.096],[-0.084,-0.31],[-0.013,-0.068],[-0.061,-0.351],[-0.027,-0.291],[0.011,-1.153],[0.054,-0.303],[0.014,-0.056],[0.319,-1.208],[0.044,-0.073],[0.139,-0.224],[0.051,-0.072],[0.322,-0.433],[0.029,-0.031],[0.156,-0.16],[0,0]],"v":[[14.29,-25.745],[20.757,-26.517],[22.959,-19.089],[0.392,20.833],[0.388,20.833],[-11.184,27.686],[-12.497,27.62],[-12.935,27.557],[-13.772,27.429],[-14.283,27.305],[-15.003,27.12],[-15.538,26.936],[-16.183,26.699],[-16.724,26.455],[-17.306,26.174],[-17.844,25.869],[-18.366,25.553],[-18.896,25.184],[-19.356,24.839],[-19.871,24.407],[-20.273,24.041],[-20.766,23.546],[-21.11,23.167],[-21.576,22.605],[-21.861,22.225],[-22.293,21.594],[-22.523,21.216],[-22.915,20.518],[-23.09,20.153],[-23.433,19.383],[-23.557,19.044],[-23.844,18.196],[-23.918,17.904],[-24.141,16.963],[-24.173,16.756],[-24.32,15.691],[-24.365,14.808],[-24.166,12.179],[-23.972,11.283],[-23.929,11.114],[-22.497,7.721],[-22.363,7.501],[-21.926,6.843],[-21.767,6.63],[-20.731,5.395],[-20.645,5.301],[-19.822,4.528]],"c":true},"ix":2},"nm":"Path 1","mn":"ADBE Vector Shape - Group","hd":false},{"ty":"mm","mm":4,"nm":"Merge Paths 1","mn":"ADBE Vector Filter - Merge","hd":false},{"ty":"fl","c":{"a":0,"k":[1,0.741000007181,0.322000002394,1],"ix":4},"o":{"a":0,"k":100,"ix":5},"r":1,"bm":0,"nm":"Fill 1","mn":"ADBE Vector Graphic - Fill","hd":false},{"ty":"tr","p":{"a":0,"k":[24.615,27.937],"ix":2},"a":{"a":0,"k":[0,0],"ix":1},"s":{"a":0,"k":[100,100],"ix":3},"r":{"a":0,"k":0,"ix":6},"o":{"a":0,"k":100,"ix":7},"sk":{"a":0,"k":0,"ix":4},"sa":{"a":0,"k":0,"ix":5},"nm":"Transform"}],"nm":"Group 1","np":3,"cix":2,"bm":0,"ix":1,"mn":"ADBE Vector Group","hd":false}],"ip":0,"op":201,"st":0,"bm":0},{"ddd":0,"ind":23,"ty":4,"nm":"man-hand","parent":24,"sr":1,"ks":{"o":{"a":0,"k":100,"ix":11},"r":{"a":1,"k":[{"i":{"x":[0.833],"y":[0.671]},"o":{"x":[0.167],"y":[0]},"n":["0p833_0p671_0p167_0"],"t":121,"s":[-38],"e":[-21]},{"i":{"x":[0.833],"y":[1]},"o":{"x":[0.417],"y":[-0.833]},"n":["0p833_1_0p417_-0p833"],"t":129,"s":[-21],"e":[-42]},{"i":{"x":[0.833],"y":[1]},"o":{"x":[0.167],"y":[0]},"n":["0p833_1_0p167_0"],"t":139,"s":[-42],"e":[-42]},{"i":{"x":[1],"y":[1]},"o":{"x":[0.681],"y":[0]},"n":["1_1_0p681_0"],"t":141,"s":[-42],"e":[-1]},{"i":{"x":[0.833],"y":[1]},"o":{"x":[0.167],"y":[0]},"n":["0p833_1_0p167_0"],"t":144,"s":[-1],"e":[-1]},{"i":{"x":[0.833],"y":[1]},"o":{"x":[0.167],"y":[0]},"n":["0p833_1_0p167_0"],"t":157,"s":[-1],"e":[-38]},{"t":170}],"ix":10},"p":{"a":0,"k":[39.257,13.84,0],"ix":2},"a":{"a":0,"k":[14.023,82.921,0],"ix":1},"s":{"a":0,"k":[100,100,100],"ix":6}},"ao":0,"shapes":[{"ty":"gr","it":[{"ind":0,"ty":"sh","ix":1,"ks":{"a":0,"k":{"i":[[0.011,0.218],[-0.006,0.009],[0,0],[0.023,0.192],[0,0],[3.604,0.065],[0.287,-3.618],[0,0],[-0.158,-1.035],[-6.931,0],[0,7.289]],"o":[[0.005,-0.009],[0,0],[-0.015,-0.195],[0,0],[-0.189,-3.599],[-3.628,-0.066],[0,0],[-0.079,1.085],[0.541,6.792],[7.289,0],[0,-0.22]],"v":[[13.246,33.886],[13.262,33.857],[13.226,33.5],[13.17,32.921],[5.9,-41.167],[-0.834,-47.671],[-7.802,-41.349],[-13.2,32.416],[-13.062,35.599],[0.082,47.737],[13.279,34.54]],"c":true},"ix":2},"nm":"Path 1","mn":"ADBE Vector Shape - Group","hd":false},{"ty":"mm","mm":4,"nm":"Merge Paths 1","mn":"ADBE Vector Filter - Merge","hd":false},{"ty":"fl","c":{"a":0,"k":[1,0.741000007181,0.322000002394,1],"ix":4},"o":{"a":0,"k":100,"ix":5},"r":1,"bm":0,"nm":"Fill 1","mn":"ADBE Vector Graphic - Fill","hd":false},{"ty":"tr","p":{"a":0,"k":[13.529,47.987],"ix":2},"a":{"a":0,"k":[0,0],"ix":1},"s":{"a":0,"k":[100,100],"ix":3},"r":{"a":0,"k":0,"ix":6},"o":{"a":0,"k":100,"ix":7},"sk":{"a":0,"k":0,"ix":4},"sa":{"a":0,"k":0,"ix":5},"nm":"Transform"}],"nm":"Group 1","np":3,"cix":2,"bm":0,"ix":1,"mn":"ADBE Vector Group","hd":false}],"ip":0,"op":201,"st":0,"bm":0},{"ddd":0,"ind":24,"ty":4,"nm":"man-forearm","parent":25,"sr":1,"ks":{"o":{"a":0,"k":100,"ix":11},"r":{"a":1,"k":[{"i":{"x":[0.833],"y":[1]},"o":{"x":[0.167],"y":[0.001]},"n":["0p833_1_0p167_0p001"],"t":121,"s":[38],"e":[-8]},{"i":{"x":[0.925],"y":[1]},"o":{"x":[0.405],"y":[0]},"n":["0p925_1_0p405_0"],"t":138,"s":[-8],"e":[8]},{"i":{"x":[0.833],"y":[1]},"o":{"x":[0.167],"y":[0]},"n":["0p833_1_0p167_0"],"t":144,"s":[8],"e":[-29]},{"i":{"x":[0.833],"y":[1]},"o":{"x":[0.167],"y":[0]},"n":["0p833_1_0p167_0"],"t":155,"s":[-29],"e":[38]},{"t":171}],"ix":10},"p":{"a":0,"k":[117.192,23.936,0],"ix":2},"a":{"a":0,"k":[24.038,131.528,0],"ix":1},"s":{"a":0,"k":[100,100,100],"ix":6}},"ao":0,"shapes":[{"ty":"gr","it":[{"ind":0,"ty":"sh","ix":1,"ks":{"a":0,"k":{"i":[[7.289,0],[1.164,-6.099],[0,0],[0,-2.531],[-0.002,-0.106],[-12.245,-1.011],[-0.695,0.006],[-0.089,0],[0,12.983],[0,0.606]],"o":[[-6.438,0],[0,0],[-0.741,2.285],[0,0.108],[-0.101,11.771],[0.707,0.058],[0.09,0.001],[12.982,0],[0,-1.781],[0,-7.289]],"v":[[12.699,-77.303],[-0.257,-66.592],[-24.657,46.543],[-25.803,53.796],[-25.795,54.116],[-4.665,77.224],[-2.563,77.296],[-2.296,77.303],[21.211,53.796],[25.896,-64.106]],"c":true},"ix":2},"nm":"Path 1","mn":"ADBE Vector Shape - Group","hd":false},{"ty":"mm","mm":4,"nm":"Merge Paths 1","mn":"ADBE Vector Filter - Merge","hd":false},{"ty":"fl","c":{"a":0,"k":[1,0.741000007181,0.322000002394,1],"ix":4},"o":{"a":0,"k":100,"ix":5},"r":1,"bm":0,"nm":"Fill 1","mn":"ADBE Vector Graphic - Fill","hd":false},{"ty":"tr","p":{"a":0,"k":[26.146,77.553],"ix":2},"a":{"a":0,"k":[0,0],"ix":1},"s":{"a":0,"k":[100,100],"ix":3},"r":{"a":0,"k":0,"ix":6},"o":{"a":0,"k":100,"ix":7},"sk":{"a":0,"k":0,"ix":4},"sa":{"a":0,"k":0,"ix":5},"nm":"Transform"}],"nm":"Group 1","np":3,"cix":2,"bm":0,"ix":1,"mn":"ADBE Vector Group","hd":false}],"ip":0,"op":201,"st":0,"bm":0},{"ddd":0,"ind":25,"ty":4,"nm":"man-arm ","parent":21,"sr":1,"ks":{"o":{"a":0,"k":100,"ix":11},"r":{"a":1,"k":[{"i":{"x":[0.139],"y":[1.12]},"o":{"x":[0.607],"y":[0]},"n":["0p139_1p12_0p607_0"],"t":121,"s":[96],"e":[0]},{"i":{"x":[0.139],"y":[-0.722]},"o":{"x":[0.167],"y":[0]},"n":["0p139_-0p722_0p167_0"],"t":141,"s":[0],"e":[0]},{"i":{"x":[0.294],"y":[1]},"o":{"x":[0.031],"y":[0]},"n":["0p294_1_0p031_0"],"t":144,"s":[0],"e":[-6]},{"i":{"x":[0.667],"y":[1]},"o":{"x":[0.721],"y":[0]},"n":["0p667_1_0p721_0"],"t":155,"s":[-6],"e":[96]},{"t":166}],"ix":10},"p":{"a":0,"k":[170.125,64.901,0],"ix":2},"a":{"a":0,"k":[31.723,97.529,0],"ix":1},"s":{"a":0,"k":[100,100,100],"ix":6}},"ao":0,"shapes":[{"ty":"gr","it":[{"ind":0,"ty":"sh","ix":1,"ks":{"a":0,"k":{"i":[[0,7.36],[12.983,0],[4.083,-3.42],[0,0],[0,0],[0,0]],"o":[[0,-12.982],[-5.743,0],[0,0],[0,0],[0,0],[5.296,-4.31]],"v":[[45.286,-19.662],[21.778,-43.169],[6.695,-37.687],[-45.286,0.327],[-7.252,43.169],[36.605,-1.424]],"c":true},"ix":2},"nm":"Path 1","mn":"ADBE Vector Shape - Group","hd":false},{"ty":"fl","c":{"a":0,"k":[1,0.741000007181,0.322000002394,1],"ix":4},"o":{"a":0,"k":100,"ix":5},"r":1,"bm":0,"nm":"Fill 1","mn":"ADBE Vector Graphic - Fill","hd":false},{"ty":"tr","p":{"a":0,"k":[95.225,43.419],"ix":2},"a":{"a":0,"k":[0,0],"ix":1},"s":{"a":0,"k":[100,100],"ix":3},"r":{"a":0,"k":0,"ix":6},"o":{"a":0,"k":100,"ix":7},"sk":{"a":0,"k":0,"ix":4},"sa":{"a":0,"k":0,"ix":5},"nm":"Transform"}],"nm":"Group 1","np":2,"cix":2,"bm":0,"ix":1,"mn":"ADBE Vector Group","hd":false},{"ty":"gr","it":[{"ind":0,"ty":"sh","ix":1,"ks":{"a":0,"k":{"i":[[0,-0.001],[-0.001,0.001]],"o":[[0,-0.001],[0,0.001]],"v":[[10.75,31.826],[10.75,31.824]],"c":true},"ix":2},"nm":"Path 1","mn":"ADBE Vector Shape - Group","hd":false},{"ind":1,"ty":"sh","ix":2,"ks":{"a":0,"k":{"i":[[0,0],[0,0],[0.363,-0.291],[0,0],[-0.001,-0.001],[0,-9.753],[-0.501,-2.219],[-8.439,-4.083],[-4.867,0],[-5.542,5.027],[0,0],[0,0],[-0.315,0.312],[0,0]],"o":[[0,0],[-0.376,0.275],[0,0],[0,0],[-7.005,5.725],[0,2.371],[2.113,9.366],[4.106,1.986],[8.072,0],[0,0],[0,0],[0.329,-0.298],[0,0],[0,0]],"v":[[5.828,-42.38],[-31.06,-14.044],[-32.168,-13.193],[-32.391,-13.021],[-32.384,-13.023],[-43.862,11.16],[-43.088,18.057],[-26.222,39.278],[-12.642,42.38],[8.328,34.288],[8.32,34.296],[8.334,34.282],[9.297,33.365],[43.862,0.462]],"c":true},"ix":2},"nm":"Path 2","mn":"ADBE Vector Shape - Group","hd":false},{"ty":"fl","c":{"a":0,"k":[0.277999997606,0.596000043084,0.219999994016,1],"ix":4},"o":{"a":0,"k":100,"ix":5},"r":1,"bm":0,"nm":"Fill 1","mn":"ADBE Vector Graphic - Fill","hd":false},{"ty":"tr","p":{"a":0,"k":[44.112,86.126],"ix":2},"a":{"a":0,"k":[0,0],"ix":1},"s":{"a":0,"k":[100,100],"ix":3},"r":{"a":0,"k":0,"ix":6},"o":{"a":0,"k":100,"ix":7},"sk":{"a":0,"k":0,"ix":4},"sa":{"a":0,"k":0,"ix":5},"nm":"Transform"}],"nm":"Group 2","np":3,"cix":2,"bm":0,"ix":2,"mn":"ADBE Vector Group","hd":false}],"ip":0,"op":201,"st":0,"bm":0},{"ddd":0,"ind":26,"ty":4,"nm":"woman R hand ","parent":27,"sr":1,"ks":{"o":{"a":0,"k":100,"ix":11},"r":{"a":0,"k":0,"ix":10},"p":{"a":0,"k":[36.051,253.318,0],"ix":2},"a":{"a":0,"k":[48.496,17.615,0],"ix":1},"s":{"a":0,"k":[100,100,100],"ix":6}},"ao":0,"shapes":[{"ty":"gr","it":[{"ind":0,"ty":"sh","ix":1,"ks":{"a":0,"k":{"i":[[0,0],[0,0],[0,-2.542],[-3.191,0],[0,0],[0,0]],"o":[[0,0],[-2.432,0.74],[0,3.192],[0,0],[0,0],[0,0]],"v":[[32.731,-17.365],[-44.152,6.061],[-48.246,11.587],[-42.468,17.365],[31.94,17.365],[48.246,7.752]],"c":false},"ix":2},"nm":"Path 1","mn":"ADBE Vector Shape - Group","hd":false},{"ty":"mm","mm":4,"nm":"Merge Paths 1","mn":"ADBE Vector Filter - Merge","hd":false},{"ty":"fl","c":{"a":0,"k":[0.603999956916,0.352999997606,0.344999994016,1],"ix":4},"o":{"a":0,"k":100,"ix":5},"r":1,"bm":0,"nm":"Fill 1","mn":"ADBE Vector Graphic - Fill","hd":false},{"ty":"tr","p":{"a":0,"k":[48.496,17.615],"ix":2},"a":{"a":0,"k":[0,0],"ix":1},"s":{"a":0,"k":[100,100],"ix":3},"r":{"a":0,"k":0,"ix":6},"o":{"a":0,"k":100,"ix":7},"sk":{"a":0,"k":0,"ix":4},"sa":{"a":0,"k":0,"ix":5},"nm":"Transform"}],"nm":"Group 1","np":3,"cix":2,"bm":0,"ix":1,"mn":"ADBE Vector Group","hd":false}],"ip":0,"op":204,"st":-10,"bm":0},{"ddd":0,"ind":27,"ty":4,"nm":"woman body","sr":1,"ks":{"o":{"a":0,"k":100,"ix":11},"r":{"a":1,"k":[{"i":{"x":[0.583],"y":[1]},"o":{"x":[0.24],"y":[0]},"n":["0p583_1_0p24_0"],"t":22,"s":[0],"e":[-2]},{"i":{"x":[0.583],"y":[1]},"o":{"x":[0.275],"y":[0]},"n":["0p583_1_0p275_0"],"t":32,"s":[-2],"e":[-2]},{"i":{"x":[0.634],"y":[1.059]},"o":{"x":[0.297],"y":[0]},"n":["0p634_1p059_0p297_0"],"t":79,"s":[-2],"e":[-3]},{"i":{"x":[0.843],"y":[1]},"o":{"x":[0.335],"y":[0.061]},"n":["0p843_1_0p335_0p061"],"t":89,"s":[-3],"e":[0]},{"i":{"x":[0.75],"y":[1]},"o":{"x":[0.643],"y":[0]},"n":["0p75_1_0p643_0"],"t":123,"s":[0],"e":[3]},{"i":{"x":[0.667],"y":[1]},"o":{"x":[0.341],"y":[0]},"n":["0p667_1_0p341_0"],"t":135,"s":[3],"e":[-3]},{"i":{"x":[0.343],"y":[1]},"o":{"x":[0],"y":[0]},"n":["0p343_1_0_0"],"t":145,"s":[-3],"e":[2]},{"i":{"x":[0.524],"y":[1]},"o":{"x":[0.391],"y":[0]},"n":["0p524_1_0p391_0"],"t":155,"s":[2],"e":[0]},{"t":165}],"ix":10},"p":{"a":0,"k":[601.935,682.953,0],"ix":2},"a":{"a":0,"k":[113.315,273.657,0],"ix":1},"s":{"a":0,"k":[100,100,100],"ix":6}},"ao":0,"shapes":[{"ty":"gr","it":[{"ind":0,"ty":"sh","ix":1,"ks":{"a":0,"k":{"i":[[0,0],[0,0]],"o":[[0,0],[0,0]],"v":[[44.923,-15.738],[-44.923,15.738]],"c":false},"ix":2},"nm":"Path 1","mn":"ADBE Vector Shape - Group","hd":false},{"ty":"st","c":{"a":0,"k":[0.838999968884,0.204000001795,0.313999998803,1],"ix":3},"o":{"a":0,"k":100,"ix":4},"w":{"a":0,"k":7,"ix":5},"lc":2,"lj":2,"bm":0,"nm":"Stroke 1","mn":"ADBE Vector Graphic - Stroke","hd":false},{"ty":"tr","p":{"a":0,"k":[138.514,242.076],"ix":2},"a":{"a":0,"k":[0,0],"ix":1},"s":{"a":0,"k":[100,100],"ix":3},"r":{"a":0,"k":0,"ix":6},"o":{"a":0,"k":100,"ix":7},"sk":{"a":0,"k":0,"ix":4},"sa":{"a":0,"k":0,"ix":5},"nm":"Transform"}],"nm":"Group 1","np":2,"cix":2,"bm":0,"ix":1,"mn":"ADBE Vector Group","hd":false},{"ty":"gr","it":[{"ind":0,"ty":"sh","ix":1,"ks":{"a":0,"k":{"i":[[0,0],[0,0],[0,0]],"o":[[0,0],[0,0],[0,0]],"v":[[-47.773,55.154],[47.773,5.894],[25.764,-55.154]],"c":false},"ix":2},"nm":"Path 1","mn":"ADBE Vector Shape - Group","hd":false},{"ty":"st","c":{"a":0,"k":[0.838999968884,0.204000001795,0.313999998803,1],"ix":3},"o":{"a":0,"k":100,"ix":4},"w":{"a":0,"k":7,"ix":5},"lc":2,"lj":2,"bm":0,"nm":"Stroke 1","mn":"ADBE Vector Graphic - Stroke","hd":false},{"ty":"tr","p":{"a":0,"k":[121.381,178.727],"ix":2},"a":{"a":0,"k":[0,0],"ix":1},"s":{"a":0,"k":[100,100],"ix":3},"r":{"a":0,"k":0,"ix":6},"o":{"a":0,"k":100,"ix":7},"sk":{"a":0,"k":0,"ix":4},"sa":{"a":0,"k":0,"ix":5},"nm":"Transform"}],"nm":"Group 2","np":2,"cix":2,"bm":0,"ix":2,"mn":"ADBE Vector Group","hd":false},{"ty":"gr","it":[{"ind":0,"ty":"sh","ix":1,"ks":{"a":0,"k":{"i":[[0,0],[0,0],[-12.806,-0.787],[-1.335,12.437],[0,0]],"o":[[0,0],[-0.656,12.814],[12.484,0.766],[0,0],[0,0]],"v":[[-23.264,-28.721],[-24.911,3.403],[-2.978,27.955],[21.721,7.097],[25.566,-28.721]],"c":false},"ix":2},"nm":"Path 1","mn":"ADBE Vector Shape - Group","hd":false},{"ty":"mm","mm":4,"nm":"Merge Paths 1","mn":"ADBE Vector Filter - Merge","hd":false},{"ty":"fl","c":{"a":0,"k":[0.603999956916,0.352999997606,0.344999994016,1],"ix":4},"o":{"a":0,"k":100,"ix":5},"r":1,"bm":0,"nm":"Fill 1","mn":"ADBE Vector Graphic - Fill","hd":false},{"ty":"tr","p":{"a":0,"k":[108.188,28.971],"ix":2},"a":{"a":0,"k":[0,0],"ix":1},"s":{"a":0,"k":[100,100],"ix":3},"r":{"a":0,"k":0,"ix":6},"o":{"a":0,"k":100,"ix":7},"sk":{"a":0,"k":0,"ix":4},"sa":{"a":0,"k":0,"ix":5},"nm":"Transform"}],"nm":"Group 3","np":3,"cix":2,"bm":0,"ix":3,"mn":"ADBE Vector Group","hd":false},{"ty":"gr","it":[{"ind":0,"ty":"sh","ix":1,"ks":{"a":0,"k":{"i":[[2.194,9.726],[0,0],[17.114,4.741],[0,0],[0,0],[0,0],[0,0],[4.366,-14.672],[0,0],[0,0],[0,0],[0,0],[0,0],[0,0],[0,0]],"o":[[0,0],[-3.908,-17.323],[0,0],[0,0],[0,0],[0,0],[-16.071,0.079],[0,0],[0,0],[1.23,13.164],[0,0],[0,0],[0,0],[0,0],[9.409,-3.297]],"v":[[110.872,40.392],[85.583,-71.7],[51.441,-107.534],[16.594,-117.189],[-25.438,-119.972],[-56.518,-119.972],[-56.524,-119.968],[-90.512,-94.505],[-90.522,-94.498],[-95.068,-30.818],[-97.934,9.285],[-103.479,121.184],[75.076,130.957],[80.693,69.376],[98.214,63.239]],"c":true},"ix":2},"nm":"Path 1","mn":"ADBE Vector Shape - Group","hd":false},{"ty":"mm","mm":4,"nm":"Merge Paths 1","mn":"ADBE Vector Filter - Merge","hd":false},{"ty":"fl","c":{"a":0,"k":[0.929000016755,0.238999998803,0.325,1],"ix":4},"o":{"a":0,"k":100,"ix":5},"r":1,"bm":0,"nm":"Fill 1","mn":"ADBE Vector Graphic - Fill","hd":false},{"ty":"tr","p":{"a":0,"k":[113.315,153.257],"ix":2},"a":{"a":0,"k":[0,0],"ix":1},"s":{"a":0,"k":[100,100],"ix":3},"r":{"a":0,"k":0,"ix":6},"o":{"a":0,"k":100,"ix":7},"sk":{"a":0,"k":0,"ix":4},"sa":{"a":0,"k":0,"ix":5},"nm":"Transform"}],"nm":"Group 4","np":3,"cix":2,"bm":0,"ix":4,"mn":"ADBE Vector Group","hd":false}],"ip":0,"op":204,"st":-10,"bm":0},{"ddd":0,"ind":28,"ty":4,"nm":"woman-hair back ","parent":12,"sr":1,"ks":{"o":{"a":0,"k":100,"ix":11},"r":{"a":0,"k":0,"ix":10},"p":{"a":0,"k":[110.722,204.386,0],"ix":2},"a":{"a":0,"k":[114.744,114.569,0],"ix":1},"s":{"a":0,"k":[100,100,100],"ix":6}},"ao":0,"shapes":[{"ty":"gr","it":[{"ind":0,"ty":"sh","ix":1,"ks":{"a":0,"k":{"i":[[0,0],[0,0],[0,0],[0,0]],"o":[[-4.023,17.364],[0,0],[0,0],[0,0]],"v":[[-20.043,-21.279],[-6.89,47.654],[9.518,49.689],[24.066,-25.779]],"c":true},"ix":2},"nm":"Path 1","mn":"ADBE Vector Shape - Group","hd":false},{"ty":"mm","mm":4,"nm":"Merge Paths 1","mn":"ADBE Vector Filter - Merge","hd":false},{"ty":"fl","c":{"a":0,"k":[1,0.741000007181,0.322000002394,1],"ix":4},"o":{"a":0,"k":100,"ix":5},"r":1,"bm":0,"nm":"Fill 1","mn":"ADBE Vector Graphic - Fill","hd":false},{"ty":"tr","p":{"a":0,"k":[24.316,26.029],"ix":2},"a":{"a":0,"k":[0,0],"ix":1},"s":{"a":0,"k":[100,100],"ix":3},"r":{"a":0,"k":0,"ix":6},"o":{"a":0,"k":100,"ix":7},"sk":{"a":0,"k":0,"ix":4},"sa":{"a":0,"k":0,"ix":5},"nm":"Transform"}],"nm":"Group 1","np":3,"cix":2,"bm":0,"ix":1,"mn":"ADBE Vector Group","hd":false},{"ty":"gr","it":[{"ind":0,"ty":"sh","ix":1,"ks":{"a":0,"k":{"i":[[0,0],[0,0],[0,0],[0,0]],"o":[[0,0],[0,0],[0,0],[0,0]],"v":[[93.338,100.643],[-93.338,100.643],[-93.338,-100.643],[93.338,-100.643]],"c":true},"ix":2},"nm":"Path 1","mn":"ADBE Vector Shape - Group","hd":false},{"ty":"fl","c":{"a":0,"k":[1,0.741000007181,0.322000002394,1],"ix":4},"o":{"a":0,"k":100,"ix":5},"r":1,"bm":0,"nm":"Fill 1","mn":"ADBE Vector Graphic - Fill","hd":false},{"ty":"tr","p":{"a":0,"k":[135.901,128.246],"ix":2},"a":{"a":0,"k":[0,0],"ix":1},"s":{"a":0,"k":[100,100],"ix":3},"r":{"a":0,"k":0,"ix":6},"o":{"a":0,"k":100,"ix":7},"sk":{"a":0,"k":0,"ix":4},"sa":{"a":0,"k":0,"ix":5},"nm":"Transform"}],"nm":"Group 2","np":2,"cix":2,"bm":0,"ix":2,"mn":"ADBE Vector Group","hd":false}],"ip":0,"op":203,"st":-2,"bm":0},{"ddd":0,"ind":29,"ty":4,"nm":"background ","sr":1,"ks":{"o":{"a":0,"k":100,"ix":11},"r":{"a":0,"k":0,"ix":10},"p":{"a":0,"k":[390.428,360.613,0],"ix":2},"a":{"a":0,"k":[333.833,260.204,0],"ix":1},"s":{"a":0,"k":[100,100,100],"ix":6}},"ao":0,"shapes":[{"ty":"gr","it":[{"ind":0,"ty":"sh","ix":1,"ks":{"a":0,"k":{"i":[[4.94,0],[0,0],[0,4.939],[0,0],[-4.94,0],[0,0],[0,-4.939],[0,0]],"o":[[0,0],[-4.94,0],[0,0],[0,-4.939],[0,0],[4.94,0],[0,0],[0,4.939]],"v":[[41.056,20],[-41.055,20],[-50,11.056],[-50,-11.056],[-41.055,-20],[41.056,-20],[50,-11.056],[50,11.056]],"c":true},"ix":2},"nm":"Path 1","mn":"ADBE Vector Shape - Group","hd":false},{"ty":"mm","mm":4,"nm":"Merge Paths 1","mn":"ADBE Vector Filter - Merge","hd":false},{"ty":"fl","c":{"a":0,"k":[0.948999980852,0.944999964097,0.961000031116,1],"ix":4},"o":{"a":0,"k":100,"ix":5},"r":1,"bm":0,"nm":"Fill 1","mn":"ADBE Vector Graphic - Fill","hd":false},{"ty":"tr","p":{"a":0,"k":[50.25,366.686],"ix":2},"a":{"a":0,"k":[0,0],"ix":1},"s":{"a":0,"k":[100,100],"ix":3},"r":{"a":0,"k":0,"ix":6},"o":{"a":0,"k":100,"ix":7},"sk":{"a":0,"k":0,"ix":4},"sa":{"a":0,"k":0,"ix":5},"nm":"Transform"}],"nm":"Group 1","np":3,"cix":2,"bm":0,"ix":1,"mn":"ADBE Vector Group","hd":false},{"ty":"gr","it":[{"ind":0,"ty":"sh","ix":1,"ks":{"a":0,"k":{"i":[[4.939,0],[0,0],[0,4.939],[0,0],[-4.941,0],[0,0],[0,-4.94],[0,0]],"o":[[0,0],[-4.941,0],[0,0],[0,-4.94],[0,0],[4.939,0],[0,0],[0,4.939]],"v":[[41.056,20],[-41.055,20],[-50,11.056],[-50,-11.056],[-41.055,-20],[41.056,-20],[50,-11.056],[50,11.056]],"c":true},"ix":2},"nm":"Path 1","mn":"ADBE Vector Shape - Group","hd":false},{"ty":"mm","mm":4,"nm":"Merge Paths 1","mn":"ADBE Vector Filter - Merge","hd":false},{"ty":"fl","c":{"a":0,"k":[0.948999980852,0.944999964097,0.961000031116,1],"ix":4},"o":{"a":0,"k":100,"ix":5},"r":1,"bm":0,"nm":"Fill 1","mn":"ADBE Vector Graphic - Fill","hd":false},{"ty":"tr","p":{"a":0,"k":[439.204,500.159],"ix":2},"a":{"a":0,"k":[0,0],"ix":1},"s":{"a":0,"k":[100,100],"ix":3},"r":{"a":0,"k":0,"ix":6},"o":{"a":0,"k":100,"ix":7},"sk":{"a":0,"k":0,"ix":4},"sa":{"a":0,"k":0,"ix":5},"nm":"Transform"}],"nm":"Group 2","np":3,"cix":2,"bm":0,"ix":2,"mn":"ADBE Vector Group","hd":false},{"ty":"gr","it":[{"ind":0,"ty":"sh","ix":1,"ks":{"a":0,"k":{"i":[[4.939,0],[0,0],[0,4.94],[0,0],[-4.939,0],[0,0],[0,-4.939],[0,0]],"o":[[0,0],[-4.939,0],[0,0],[0,-4.939],[0,0],[4.939,0],[0,0],[0,4.94]],"v":[[41.056,20],[-41.056,20],[-50,11.056],[-50,-11.056],[-41.056,-20],[41.056,-20],[50,-11.056],[50,11.056]],"c":true},"ix":2},"nm":"Path 1","mn":"ADBE Vector Shape - Group","hd":false},{"ty":"mm","mm":4,"nm":"Merge Paths 1","mn":"ADBE Vector Filter - Merge","hd":false},{"ty":"fl","c":{"a":0,"k":[0.948999980852,0.944999964097,0.961000031116,1],"ix":4},"o":{"a":0,"k":100,"ix":5},"r":1,"bm":0,"nm":"Fill 1","mn":"ADBE Vector Graphic - Fill","hd":false},{"ty":"tr","p":{"a":0,"k":[202.472,129.818],"ix":2},"a":{"a":0,"k":[0,0],"ix":1},"s":{"a":0,"k":[100,100],"ix":3},"r":{"a":0,"k":0,"ix":6},"o":{"a":0,"k":100,"ix":7},"sk":{"a":0,"k":0,"ix":4},"sa":{"a":0,"k":0,"ix":5},"nm":"Transform"}],"nm":"Group 3","np":3,"cix":2,"bm":0,"ix":3,"mn":"ADBE Vector Group","hd":false},{"ty":"gr","it":[{"ind":0,"ty":"sh","ix":1,"ks":{"a":0,"k":{"i":[[-4.94,0],[0,0],[0,4.94],[0,0],[4.94,0],[0,0],[0,-4.94],[0,0]],"o":[[0,0],[4.94,0],[0,0],[0,-4.94],[0,0],[-4.94,0],[0,0],[0,4.94]],"v":[[-41.056,20],[41.055,20],[50,11.055],[50,-11.056],[41.055,-20],[-41.056,-20],[-50,-11.056],[-50,11.055]],"c":true},"ix":2},"nm":"Path 1","mn":"ADBE Vector Shape - Group","hd":false},{"ty":"mm","mm":4,"nm":"Merge Paths 1","mn":"ADBE Vector Filter - Merge","hd":false},{"ty":"fl","c":{"a":0,"k":[0.948999980852,0.944999964097,0.961000031116,1],"ix":4},"o":{"a":0,"k":100,"ix":5},"r":1,"bm":0,"nm":"Fill 1","mn":"ADBE Vector Graphic - Fill","hd":false},{"ty":"tr","p":{"a":0,"k":[271.039,284.941],"ix":2},"a":{"a":0,"k":[0,0],"ix":1},"s":{"a":0,"k":[100,100],"ix":3},"r":{"a":0,"k":0,"ix":6},"o":{"a":0,"k":100,"ix":7},"sk":{"a":0,"k":0,"ix":4},"sa":{"a":0,"k":0,"ix":5},"nm":"Transform"}],"nm":"Group 4","np":3,"cix":2,"bm":0,"ix":4,"mn":"ADBE Vector Group","hd":false},{"ty":"gr","it":[{"ind":0,"ty":"sh","ix":1,"ks":{"a":0,"k":{"i":[[-4.94,0],[0,0],[0,4.939],[0,0],[4.94,0],[0,0],[0,-4.94],[0,0]],"o":[[0,0],[4.94,0],[0,0],[0,-4.94],[0,0],[-4.94,0],[0,0],[0,4.939]],"v":[[-41.056,20],[41.055,20],[50,11.056],[50,-11.056],[41.055,-20],[-41.056,-20],[-50,-11.056],[-50,11.056]],"c":true},"ix":2},"nm":"Path 1","mn":"ADBE Vector Shape - Group","hd":false},{"ty":"mm","mm":4,"nm":"Merge Paths 1","mn":"ADBE Vector Filter - Merge","hd":false},{"ty":"fl","c":{"a":0,"k":[0.948999980852,0.944999964097,0.961000031116,1],"ix":4},"o":{"a":0,"k":100,"ix":5},"r":1,"bm":0,"nm":"Fill 1","mn":"ADBE Vector Graphic - Fill","hd":false},{"ty":"tr","p":{"a":0,"k":[321.039,344.941],"ix":2},"a":{"a":0,"k":[0,0],"ix":1},"s":{"a":0,"k":[100,100],"ix":3},"r":{"a":0,"k":0,"ix":6},"o":{"a":0,"k":100,"ix":7},"sk":{"a":0,"k":0,"ix":4},"sa":{"a":0,"k":0,"ix":5},"nm":"Transform"}],"nm":"Group 5","np":3,"cix":2,"bm":0,"ix":5,"mn":"ADBE Vector Group","hd":false},{"ty":"gr","it":[{"ind":0,"ty":"sh","ix":1,"ks":{"a":0,"k":{"i":[[1.032,2.562],[2.562,-1.031],[48.103,-2.096],[45.79,15.544],[27.22,27.783],[1.972,-1.933],[-1.933,-1.972],[-5.866,-4.9],[0,0],[-2.526,1.74],[0,0],[-9.891,-3.63],[0,0],[-1.828,2.464],[0,0],[-14.419,-1.058],[0,0],[-1.091,2.867],[0,0],[-10.188,1.525],[0,0],[-0.431,3.037],[0,0],[-8.675,3.496]],"o":[[-1.032,-2.561],[-41.654,16.782],[-52.308,2.281],[-44.249,-15.022],[-1.932,-1.971],[-1.973,1.932],[5.169,5.277],[0,0],[-0.496,3.027],[0,0],[9.181,4.36],[0,0],[0.51,3.026],[0,0],[13.954,2.433],[0,0],[1.31,2.774],[0,0],[10.345,-0.826],[0,0],[1.891,2.416],[0,0],[9.118,-2.911],[2.562,-1.031]],"v":[[205.471,-24.83],[198.965,-27.599],[61.764,1.258],[-88.185,-19.019],[-197.428,-84.448],[-204.498,-84.521],[-204.57,-77.451],[-188,-62.18],[-201.255,18.607],[-195.845,22.037],[-128.323,-24.48],[-99.693,-12.482],[-86.297,67.164],[-80.069,68.661],[-33.003,5.219],[9.612,10.464],[44.196,83.68],[50.595,83.43],[78.454,10.229],[109.277,6.703],[158.868,70.047],[165.054,68.39],[175.978,-8.726],[202.701,-18.323]],"c":true},"ix":2},"nm":"Path 1","mn":"ADBE Vector Shape - Group","hd":false},{"ty":"mm","mm":4,"nm":"Merge Paths 1","mn":"ADBE Vector Filter - Merge","hd":false},{"ty":"fl","c":{"a":0,"k":[0.948999980852,0.944999964097,0.961000031116,1],"ix":4},"o":{"a":0,"k":100,"ix":5},"r":1,"bm":0,"nm":"Fill 1","mn":"ADBE Vector Graphic - Fill","hd":false},{"ty":"tr","p":{"a":0,"k":[460.913,86.704],"ix":2},"a":{"a":0,"k":[0,0],"ix":1},"s":{"a":0,"k":[100,100],"ix":3},"r":{"a":0,"k":0,"ix":6},"o":{"a":0,"k":100,"ix":7},"sk":{"a":0,"k":0,"ix":4},"sa":{"a":0,"k":0,"ix":5},"nm":"Transform"}],"nm":"Group 6","np":3,"cix":2,"bm":0,"ix":6,"mn":"ADBE Vector Group","hd":false},{"ty":"gr","it":[{"ind":0,"ty":"sh","ix":1,"ks":{"a":0,"k":{"i":[[4.939,0],[0,0],[0,4.94],[0,0],[-4.941,0],[0,0],[0,-4.94],[0,0]],"o":[[0,0],[-4.941,0],[0,0],[0,-4.94],[0,0],[4.939,0],[0,0],[0,4.94]],"v":[[41.056,20],[-41.055,20],[-50,11.056],[-50,-11.056],[-41.055,-20],[41.056,-20],[50,-11.056],[50,11.056]],"c":true},"ix":2},"nm":"Path 1","mn":"ADBE Vector Shape - Group","hd":false},{"ty":"mm","mm":4,"nm":"Merge Paths 1","mn":"ADBE Vector Filter - Merge","hd":false},{"ty":"fl","c":{"a":0,"k":[0.948999980852,0.944999964097,0.961000031116,1],"ix":4},"o":{"a":0,"k":100,"ix":5},"r":1,"bm":0,"nm":"Fill 1","mn":"ADBE Vector Graphic - Fill","hd":false},{"ty":"tr","p":{"a":0,"k":[472.434,211.973],"ix":2},"a":{"a":0,"k":[0,0],"ix":1},"s":{"a":0,"k":[100,100],"ix":3},"r":{"a":0,"k":0,"ix":6},"o":{"a":0,"k":100,"ix":7},"sk":{"a":0,"k":0,"ix":4},"sa":{"a":0,"k":0,"ix":5},"nm":"Transform"}],"nm":"Group 7","np":3,"cix":2,"bm":0,"ix":7,"mn":"ADBE Vector Group","hd":false}],"ip":0,"op":201,"st":0,"bm":0}],"markers":[]}